Tag,Year,NumLeaves(t-1),NumLeaves(t),LLL(t-1),LLL(t),NumFlowers,AbortedBuds,Alive(t+1),Comments
10,1979,NA,17,NA,152,0,0,0,
11,1979,NA,27,NA,126,0,0,0,
12,1979,NA,7,NA,41,0,0,1,
12,1980,7,6,41,72,0,0,1,
12,1981,6,11,72,88,0,0,1,
12,1982,11,13,88,82,0,0,1,
12,1983,13,15,82,105,0,0,0,
14,1979,NA,7,NA,35,0,0,1,
14,1980,7,7,35,34,0,0,1,
14,1981,7,15,34,56,0,0,1,
14,1982,15,29,56,48,0,0,1,
14,1983,29,24,48,62,0,0,1,
14,1984,24,35,62,94,0,0,1,
14,1985,35,59,94,105,0,0,1,
14,1986,59,58,105,106,0,0,0,
16,1979,NA,14,NA,61,0,0,1,
16,1980,14,12,61,61,0,0,1,
16,1981,12,16,61,60,0,0,1,
16,1982,16,21,60,65,0,0,1,
16,1983,21,20,65,75,0,0,1,
16,1984,20,26,75,100,0,0,1,
16,1985,26,20,100,81,0,0,1,
16,1986,20,34,81,92,0,0,1,
16,1987,34,30,92,70,0,0,1,
16,1988,30,38,70,99,0,0,0,
18,1979,NA,17,NA,73,0,0,1,
18,1980,17,16,73,76,0,0,1,
18,1981,16,16,76,56,0,0,1,
18,1982,16,17,56,62,0,0,1,
18,1983,17,15,62,75,0,0,0,
21,1979,NA,44,NA,93,0,0,0,
22,1979,NA,16,NA,63,0,0,1,
22,1980,16,18,63,60,0,0,1,
22,1981,18,24,60,68,0,0,1,
22,1982,24,29,68,76,0,0,1,
22,1983,29,28,76,110,0,0,0,
24,1979,NA,5,NA,72,0,0,1,
24,1980,5,5,72,67,0,0,1,
24,1981,5,11,67,66,0,0,1,
24,1982,11,16,66,64,0,0,0,
28,1979,NA,11,NA,78,0,0,1,
28,1980,11,18,78,78,0,0,1,
28,1981,18,22,78,89,0,0,1,
28,1982,22,23,89,78,0,0,1,
28,1983,23,23,78,119,0,0,0,
33,1979,NA,32,NA,107,0,0,1,
33,1980,32,41,107,116,0,0,0,
32,1979,NA,8,NA,36,0,0,1,
32,1980,8,12,36,46,0,0,1,
32,1981,12,18,46,74,0,0,1,
32,1982,18,23,74,68,0,0,1,
32,1983,23,27,68,96,0,0,0,
35,1979,NA,8,NA,67,0,0,1,
35,1980,8,10,67,61,0,0,1,
35,1981,10,16,61,65,0,0,0,
36R,1979,NA,8,NA,79,0,0,1,
36R,1980,8,8,79,86,0,0,1,
36R,1981,8,13,86,80,0,0,1,
36R,1982,13,16,80,85,0,0,1,
36R,1983,16,15,85,113,0,0,0,
36L,1979,NA,11,NA,77,0,0,1,
36L,1980,11,13,77,84,0,0,1,
36L,1981,13,14,84,105,0,0,1,
36L,1982,14,23,105,101,0,0,1,
36L,1983,23,18,101,105,0,0,0,
37,1979,NA,16,NA,101,0,0,1,
37,1980,16,20,101,95,0,0,1,
37,1981,20,29,95,112,0,0,1,
37,1982,29,33,112,81,0,0,1,
37,1983,33,33,81,97,0,0,0,
38,1979,NA,21,NA,101,0,0,1,
38,1980,21,28,101,104,0,0,1,
38,1981,28,35,104,126,0,0,0,
39,1979,NA,18,NA,120,0,0,1,
39,1980,18,18,120,126,0,0,1,
39,1981,18,23,126,140,0,0,0,
44,1979,NA,6,NA,56,0,0,1,
44,1980,6,7,56,66,0,0,1,
44,1981,7,17,66,68,0,0,0,
47,1979,NA,8,NA,55,0,0,1,
47,1980,8,6,55,49,0,0,1,
47,1981,6,9,49,50,0,0,1,
47,1982,9,10,50,59,0,0,1,
47,1983,10,11,59,72,0,0,0,
50,1979,NA,5,NA,19,0,0,1,
50,1980,5,4,19,25,0,0,1,
50,1981,4,6,25,31,0,0,1,
50,1982,6,8,31,34,0,0,1,
50,1983,8,7,34,50,0,0,1,
50,1984,7,9,50,64,0,0,1,
50,1985,9,12,64,76,0,0,1,
50,1986,12,13,76,70,0,0,1,
50,1987,13,13,70,68,0,0,1,
50,1988,13,15,68,93,0,0,1,
50,1989,15,17,93,65,0,0,1,
50,1990,17,19,65,92,0,0,1,
50,1991,19,21,92,83,0,0,1,
50,1992,21,18,83,81,0,0,1,
50,1993,18,21,81,82,0,0,1,
50,1994,21,18,82,85,0,0,1,
50,1995,18,27,85,96,0,0,1,
50,1996,27,13,96,97,0,0,1,
50,1997,13,31,97,102,0,0,1,
50,1998,31,29,102,110,0,0,1,
50,1999,29,28,110,102,0,0,1,
50,2000,28,21,102,93,0,0,1,
50,2001,21,16,93,90,0,0,1,
50,2002,16,13,90,68,0,0,0,
53,1979,NA,13,NA,68,0,0,1,
53,1980,13,22,68,68,0,0,1,
53,1981,22,25,68,77,0,0,1,
53,1982,25,34,77,75,0,0,1,
53,1983,34,35,75,115,0,0,0,
54,1979,NA,18,NA,102,0,0,1,
54,1980,18,18,102,106,0,0,1,
54,1981,18,21,106,105,0,0,1,
54,1982,21,21,105,91,0,0,1,
54,1983,21,29,91,102,0,0,1,
56,1979,NA,11,NA,37,0,0,1,
56,1980,11,21,37,72,0,0,1,
56,1981,21,30,72,86,0,0,1,
56,1982,30,28,86,82,0,0,1,
56,1983,28,34,82,110,0,0,0,
60,1979,NA,11,NA,37,0,0,1,
60,1980,11,21,37,72,0,0,1,
60,1981,21,30,72,86,0,0,1,
60,1982,30,38,86,82,0,0,1,
60,1983,38,34,82,110,0,0,0,
73,1979,NA,5,NA,98,0,0,1,
73,1980,5,7,98,68,0,0,1,
73,1981,7,17,68,83,0,0,1,
73,1982,17,25,83,82,0,0,1,Leaf # was inputted as 255 in datasheet
73,1983,25,30,82,107,0,0,0,
75,1979,NA,22,NA,89,0,0,1,
75,1980,22,26,89,83,0,0,0,
79,1979,NA,22,NA,89,0,0,1,
79,1980,22,28,89,98,0,0,0,
83,1979,NA,4,NA,26,0,0,0,
89,1979,NA,14,NA,64,0,0,0,
90,1979,NA,14,NA,75,0,0,1,
90,1980,14,22,75,95,0,0,1,
90,1981,22,27,95,89,0,0,0,
94A,1979,NA,16,NA,85,0,0,1,
94A,1980,16,21,85,103,0,0,0,
94B,1979,NA,20,NA,93,0,0,1,
94B,1980,20,21,93,107,0,0,0,
107,1979,NA,5,NA,34,0,0,1,
107,1980,5,4,34,78,0,0,1,
107,1981,4,12,78,44,0,0,1,
107,1982,12,13,44,43,0,0,1,
107,1983,13,14,43,60,0,0,1,
107,1984,14,24,60,82,0,0,1,
107,1985,24,36,82,104,0,0,1,
107,1986,36,46,104,105,0,0,0,
114,1979,NA,10,NA,70,0,0,1,
114,1980,10,11,70,34,0,0,1,
114,1981,11,NA,34,NA,0,0,1,
114,1982,NA,11,NA,58,0,0,1,
114,1983,11,14,58,83,0,0,1,
114,1984,14,25,83,100,0,0,1,
114,1985,25,37,100,126,0,0,0,
124TR,1984,NA,9,NA,50,0,0,1,
124TR,1985,9,11,50,70,0,0,1,
124TR,1986,11,13,70,60,0,0,1,
124TR,1987,13,NA,60,NA,0,0,1,
124TR,1988,NA,10,NA,67,0,0,1,
124TR,1989,10,10,67,80,0,0,1,
124TR,1990,10,11,80,114,0,0,1,
124TR,1991,11,10,114,96,0,0,1,
124TR,1992,10,12,96,98,0,0,1,
124TR,1993,12,15,98,102,0,0,1,
124TR,1994,15,17,102,90,0,0,1,
124TR,1995,17,18,90,97,0,0,1,
124TR,1996,18,27,97,NA,0,0,0,"Note in datasheet, no leaf length and questionable leaf number"
143,1983,NA,29,NA,88,0,0,0,
152,1980,NA,5,NA,58,0,0,1,
152,1981,5,8,58,44,0,0,1,
152,1982,8,8,44,42,0,0,0,
154,1980,NA,5,NA,43,0,0,1,
154,1981,5,8,43,50,0,0,1,
154,1982,8,9,50,44,0,0,1,
154,1983,9,9,44,73,0,0,0,
155,1980,NA,6,NA,20,0,0,0,
156,1980,NA,9,NA,40,0,0,1,
156,1981,9,18,40,49,0,0,1,
156,1982,18,26,49,56,0,0,1,
156,1983,26,30,56,74,0,0,0,
157,1980,NA,7,NA,49,0,0,1,
157,1981,7,12,49,55,0,0,1,
157,1982,12,13,55,68,0,0,1,
157,1983,13,15,68,100,0,0,1,
157,1984,15,15,100,77,0,0,1,
157,1985,15,16,77,81,0,0,1,
157,1986,16,19,81,90,0,0,1,
157,1987,19,19,90,93,0,0,1,
157,1988,19,23,93,107,0,0,1,
157,1989,23,34,107,94,0,0,0,
159U,1982,NA,4,NA,12,0,0,1,
159U,1983,4,4,12,17,0,0,1,
159U,1984,4,7,17,38,0,0,0,Gophered
159D,1980,NA,2,NA,12,0,0,1,
159D,1981,2,NA,12,NA,0,0,1,
159D,1982,NA,10,NA,32,0,0,1,
159D,1983,10,9,32,51,0,0,1,
159D,1984,9,17,51,59,0,0,0,Gophered
160,1980,NA,4,NA,9,0,0,1,
160,1981,4,3,9,19,0,0,0,
161,1980,NA,7,NA,41,0,0,0,
162,1980,NA,5,NA,57,0,0,0,
163,1980,NA,5,NA,55,0,0,1,
163,1981,5,NA,55,NA,0,0,1,
163,1982,NA,NA,NA,NA,0,0,1,
163,1983,NA,11,NA,90,0,0,0,
164,1980,NA,6,NA,12,0,0,0,
165,1980,NA,8,NA,60,0,0,1,
165,1981,8,15,60,65,0,0,1,
165,1982,15,23,65,64,0,0,1,
165,1983,23,25,64,91,0,0,0,
168,1980,NA,5,NA,19,0,0,0,
169,1980,NA,5,NA,21,0,0,1,
169,1981,5,9,21,35,0,0,1,
169,1982,9,11,35,48,0,0,1,
169,1983,11,8,48,77,0,0,0,
172U,1979,NA,3,NA,10,0,0,1,
172U,1980,3,4,10,22,0,0,1,
172U,1981,4,4,22,32,0,0,1,
172U,1982,4,4,32,51,0,0,1,
172U,1983,4,7,51,64,0,0,1,
172U,1984,7,6,64,62,0,0,1,
172U,1985,6,7,62,67,0,0,1,
172U,1986,7,6,67,69,0,0,1,
172U,1987,6,10,69,82,0,0,1,
172U,1988,10,15,82,70,0,0,1,
172U,1989,15,19,70,91,0,0,1,
172U,1990,19,21,91,82,0,0,1,
172U,1991,21,22,82,83,0,0,1,
172U,1992,22,19,83,77,0,0,1,
172U,1993,19,17,77,69,0,0,1,
172U,1994,17,15,69,63,0,0,1,
172U,1995,15,13,63,65,0,0,0,I think # leaves and LLL switched in datasheet
172D,1995,NA,5,NA,20,0,0,0,
173,1980,NA,3,NA,14,0,0,0,
174,1980,NA,6,NA,20,0,0,0,
175R,1980,NA,4,NA,8,0,0,1,
175R,1981,4,5,8,13,0,0,1,
175R,1982,5,6,13,23,0,0,1,
175R,1983,6,4,23,36,0,0,0,
175L,1980,NA,3,NA,11,0,0,1,
175L,1981,3,4,11,13,0,0,1,
175L,1982,4,5,13,20,0,0,0,
200,1980,NA,4,NA,17,0,0,1,
200,1981,4,2,17,25,0,0,1,
200,1982,2,7,25,33,0,0,1,
200,1983,7,NA,33,NA,0,0,1,
200,1984,NA,5,NA,22,0,0,1,
200,1985,5,5,22,55,0,0,1,
200,1986,5,5,55,62,0,0,1,
200,1987,5,NA,62,NA,0,0,1,
200,1988,NA,6,NA,67,0,0,1,
200,1989,6,6,67,51,0,0,1,
200,1990,6,7,51,68,0,0,1,
200,1991,7,8,68,81,0,0,1,
200,1992,8,9,81,92,0,0,1,
200,1993,9,10,92,96,0,0,0,Gophered
208,1981,NA,21,NA,80,0,0,1,
208,1982,21,19,80,75,0,0,1,
208,1983,19,19,75,119,0,0,1,
208,1984,19,5,119,38,0,0,1,
208,1985,5,6,38,39,0,0,1,
208,1986,6,6,39,30,0,0,1,
208,1987,6,NA,30,NA,0,0,1,
208,1988,NA,8,NA,55,0,0,1,
208,1989,8,10,55,47,0,0,1,
208,1990,10,9,47,67,0,0,1,
208,1991,9,12,67,69,0,0,1,
208,1992,12,10,69,83,0,0,1,
208,1993,10,10,83,96,0,0,0,
228U,1987,NA,8,NA,23,0,0,1,
228U,1988,8,10,23,85,0,0,1,
228U,1989,10,12,85,57,0,0,1,
228U,1990,12,13,57,83,0,0,1,
228U,1991,13,16,83,72,0,0,1,
228U,1992,16,16,72,89,0,0,1,
228U,1993,16,18,89,100,0,0,1,
228U,1994,18,20,100,103,0,0,1,
228U,1995,20,27,103,90,0,0,0,Gopher dump in 1997
228M,1988,NA,8,NA,79,0,0,1,
228M,1989,8,10,79,68,0,0,1,
228M,1990,10,13,68,95,0,0,1,
228M,1991,13,15,95,86,0,0,1,
228M,1992,15,15,86,99,0,0,1,
228M,1993,15,19,99,104,0,0,1,
228M,1994,19,19,104,105,0,0,0,Gopher dump in 1997
228DR,1987,NA,6,NA,46,0,0,1,
228DR,1988,6,5,46,74,0,0,1,
228DR,1989,5,5,74,59,0,0,1,
228DR,1990,5,8,59,76,0,0,1,
228DR,1991,8,11,76,75,0,0,1,
228DR,1992,11,10,75,89,0,0,1,
229DR,1993,10,11,89,87,0,0,1,
229DR,1994,11,14,87,95,0,0,0,Gopher dump in 1997
228DL,1994,NA,8,NA,87,0,0,0,Gopher dump in 1997
246U,1981,NA,6,NA,13,0,0,1,
246U,1982,6,5,13,19,0,0,1,
246U,1983,5,5,19,42,0,0,1,
246U,1984,5,8,42,56,0,0,1,
246U,1985,8,8,56,68,0,0,1,
246U,1986,8,11,68,76,0,0,1,
246U,1987,11,11,76,80,0,0,1,
246U,1988,11,14,80,94,0,0,1,
246U,1989,14,18,94,74,0,0,1,
246U,1990,18,17,74,105,0,0,1,
246U,1991,17,20,105,98,0,0,1,
246U,1992,20,23,98,108,0,0,1,
264U,1993,23,27,108,119,0,0,0,
249,1981,NA,6,NA,29,0,0,1,
249,1982,6,7,29,36,0,0,1,
249,1983,7,6,36,51,0,0,1,
249,1984,6,NA,51,NA,0,0,1,
249,1985,NA,15,NA,80,0,0,1,
249,1986,15,18,80,90,0,0,1,
249,1987,18,17,90,92,0,0,1,
249,1988,17,25,92,104,0,0,1,
249,1989,25,12,104,113,0,0,1,
249,1990,12,21,113,105,0,0,1,
249,1991,21,18,105,104,0,0,1,
249,1992,18,23,104,111,0,0,1,
249,1993,23,27,111,115,0,0,0,
274,1984,NA,4,NA,44,0,0,1,
274,1985,4,5,44,58,0,0,1,
274,1986,5,5,58,55,0,0,1,
274,1987,5,5,55,36,0,0,1,
274,1988,5,5,36,82,0,0,1,
274,1989,5,6,82,61,0,0,1,
274,1990,6,8,61,80,0,0,1,
274,1991,8,8,80,72,0,0,1,
274,1992,8,9,72,85,0,0,1,
274,1993,9,10,85,83,0,0,1,
274,1994,10,8,83,80,0,0,1,
274,1995,8,15,80,88,0,0,0,
276DN,1982,NA,5,NA,19,0,0,1,
276DN,1983,5,3,19,24,0,0,1,
276DN,1984,3,5,24,14,0,0,1,
276DN,1985,5,5,14,25,0,0,1,
276DN,1986,5,6,25,43,0,0,1,
276DN,1987,6,7,43,46,0,0,1,
276DN,1988,7,7,46,69,0,0,1,
276DN,1989,7,7,69,60,0,0,1,
276DN,1990,7,11,60,93,0,0,1,
276DN,1991,11,10,93,98,0,0,1,
276DN,1992,10,11,98,111,0,0,1,
276DN,1993,11,12,111,96,0,0,1,
276DN,1994,12,14,96,107,0,0,1,
276DN,1995,14,18,107,96,0,0,0,
279,1982,NA,11,NA,36,0,0,1,
279,1983,11,6,36,56,0,0,1,
279,1984,6,16,56,92,0,0,1,
279,1985,16,25,92,93,0,0,1,
279,1986,25,25,93,105,0,0,1,
279,1987,25,29,105,101,0,0,1,
279,1988,29,32,101,123,0,0,1,
279,1989,32,41,123,100,0,0,1,
279,1990,41,36,100,126,0,0,1,
279,1991,36,37,126,105,0,0,1,
279,1992,37,36,105,118,0,0,0,
282U,1982,NA,6,NA,18,0,0,1,
282U,1983,6,4,18,32,0,0,1,
282U,1984,4,10,32,53,0,0,1,
282U,1985,10,10,53,64,0,0,1,
282U,1986,10,12,64,71,0,0,1,
282U,1987,12,10,71,44,0,0,1,
282U,1988,10,11,44,79,0,0,1,
282U,1989,11,12,79,68,0,0,1,
282U,1990,12,15,68,88,0,0,1,
282U,1991,15,15,88,71,0,0,1,
282U,1992,15,15,71,92,0,0,1,
282U,1993,15,15,92,105,0,0,0,
282D,1986,NA,10,NA,59,0,0,1,
282D,1987,10,8,59,63,0,0,1,
282D,1988,8,11,63,76,0,0,1,
282D,1989,11,18,76,62,0,0,1,
282D,1990,18,17,62,110,0,0,1,
282D,1991,17,21,110,85,0,0,1,
282D,1992,21,22,85,104,0,0,1,
282D,1993,22,15,104,90,0,0,0,
284,1982,NA,6,NA,22,0,0,1,
284,1983,6,5,22,37,0,0,1,
284,1984,5,8,37,61,0,0,1,
284,1985,8,11,61,70,0,0,1,
284,1986,11,10,70,59,0,0,1,
284,1987,10,9,59,47,0,0,1,
284,1988,9,9,47,80,0,0,1,
284,1989,9,7,80,67,0,0,1,
284,1990,7,12,67,90,0,0,1,
284,1991,12,14,90,74,0,0,1,
284,1992,14,14,74,89,0,0,1,
284,1993,14,17,89,103,0,0,0,
285,1982,NA,5,NA,16,0,0,1,
285,1983,5,5,16,31,0,0,1,
285,1984,5,5,31,57,0,0,1,
285,1985,5,7,57,82,0,0,1,
285,1986,7,9,82,73,0,0,1,
285,1987,9,5,73,61,0,0,1,
285,1988,5,8,61,90,0,0,1,
285,1989,8,11,90,58,0,0,1,
285,1990,11,14,58,86,0,0,1,
285,1991,14,15,86,87,0,0,1,
285,1992,15,13,87,103,0,0,1,
285,1993,13,16,103,94,0,0,1,
285,1994,16,NA,94,NA,0,0,1,I think # leaves and LLL in wrong rows
285,1995,NA,21,NA,77,0,0,0,Under gopher dump
291RU,1983,NA,8,NA,48,0,0,1,
291RU,1984,8,10,48,59,0,0,1,
291RU,1985,10,14,59,74,0,0,1,
291RU,1986,14,18,74,70,0,0,1,
291RU,1987,18,27,70,64,0,0,1,
291RU,1988,27,21,64,85,0,0,1,
291RU,1989,21,23,85,54,0,0,1,
291RU,1990,23,21,54,86,0,0,1,
291RU,1991,21,25,86,81,0,0,1,
291RU,1992,25,20,81,75,0,0,1,
291RU,1993,20,21,75,80,0,0,0,
308,1982,NA,5,NA,15,0,0,1,
308,1983,5,5,15,20,0,0,1,
308,1984,5,5,20,32,0,0,1,
308,1985,5,7,32,42,0,0,1,
308,1986,7,8,42,47,0,0,1,
308,1987,8,6,47,45,0,0,1,
308,1988,6,8,45,56,0,0,1,
308,1989,8,9,56,45,0,0,1,
308,1990,9,12,45,60,0,0,1,
308,1991,12,12,60,57,0,0,1,
308,1992,12,12,57,70,0,0,1,
308,1993,12,12,70,52,0,0,1,
308,1994,12,10,52,58,0,0,1,
308,1995,10,11,58,60,0,0,1,
308,1996,11,12,60,60,0,0,1,"Columns offset by 1, but numbers make sense"
308,1997,12,15,60,62,0,0,1,
308,1998,15,18,62,83,0,0,1,
308,1999,18,23,83,75,0,0,0,
314,1982,NA,4,NA,18,0,0,1,
314,1983,4,4,18,20,0,0,1,
314,1984,4,5,20,40,0,0,1,
314,1985,5,6,40,42,0,0,1,
314,1986,6,5,42,48,0,0,1,
314,1987,5,6,48,45,0,0,1,
314,1988,6,8,45,55,0,0,1,
314,1989,8,7,55,46,0,0,1,
314,1990,7,10,46,89,0,0,1,
314,1991,10,11,89,82,0,0,1,
314,1992,11,14,82,94,0,0,1,
314,1993,14,15,94,89,0,0,1,
314,1994,15,13,89,91,0,0,1,
314,1995,13,19,91,95,0,0,1,
314,1996,19,24,95,102,0,0,0,
322A,1982,NA,4,NA,18,0,0,1,
322A,1983,4,3,18,23,0,0,0,
342A,1982,NA,11,NA,31,0,0,1,
342A,1983,11,10,31,50,0,0,1,
342A,1984,10,19,50,65,0,0,1,
342A,1985,19,NA,65,NA,0,0,1,
342A,1986,NA,NA,NA,NA,0,0,1,
342A,1987,NA,40,NA,49,0,0,0,
321,1982,NA,4,NA,12,0,0,1,
321,1983,4,4,12,17,0,0,1,
321,1984,4,9,17,46,0,0,1,
321,1985,9,9,46,57,0,0,1,
321,1986,9,11,57,50,0,0,1,
321,1987,11,9,50,66,0,0,1,
321,1988,9,9,66,66,0,0,1,
321,1989,9,9,66,57,0,0,1,
321,1990,9,12,57,76,0,0,1,
321,1991,12,12,76,61,0,0,1,
321,1992,12,13,61,72,0,0,1,
321,1993,13,14,72,72,0,0,1,
321,1994,14,15,72,72,0,0,1,
321,1995,15,15,72,47,0,0,0,
352TB,1997,NA,8,NA,51,0,0,1,"Columns offset by 1, but numbers make sense"
352TB,1998,8,7,51,78,0,0,1,
352TB,1999,7,9,78,82,0,0,0,
325R,1982,NA,3,nA,12,0,0,1,
325R,1983,3,3,12,17,0,0,1,
325R,1984,3,6,17,36,0,0,1,
325R,1985,6,7,36,52,0,0,1,
325R,1986,7,7,52,43,0,0,1,
325R,1987,7,6,43,50,0,0,1,
325R,1988,6,8,50,52,0,0,1,
325R,1989,8,11,52,46,0,0,1,
325R,1990,11,10,46,70,0,0,1,
325R,1991,10,12,70,52,0,0,1,
325R,1992,12,8,52,66,0,0,1,
325R,1993,8,10,66,56,0,0,1,
325R,1994,10,10,56,66,0,0,1,
325R,1995,10,12,66,66,0,0,0,
325TIMUL,1990,NA,5,NA,86,0,0,1,
325TIMUL,1991,5,5,86,39,0,0,1,
325TIMUL,1992,5,4,39,42,0,0,1,
325TIMUL,1993,4,4,42,44,0,0,1,
325TIMUL,1994,4,4,44,10,0,0,0,
325TIMDL,1990,NA,3,NA,10,0,0,1,
325TIMDL,1991,3,4,10,11,0,0,1,
325TIMDL,1992,4,2,11,18,0,0,1,
325TIMDL,1993,2,3,18,18,0,0,1,
325TIMDL,1994,3,2,18,16,0,0,1,
325TIMDL,1995,2,5,16,41,0,0,0,
328,1982,NA,6,NA,15,0,0,1,
328,1983,6,5,15,24,0,0,1,
328,1984,5,10,24,54,0,0,1,
328,1985,10,15,54,40,0,0,1,
328,1986,15,19,40,45,0,0,1,
328,1987,19,17,45,55,0,0,1,
328,1988,17,24,55,66,0,0,1,
328,1989,17,31,66,56,0,0,1,
328,1990,31,31,56,81,0,0,1,
328,1991,31,39,81,82,0,0,1,
328,1992,39,39,82,93,0,0,1,
328,1993,39,46,93,94,0,0,1,
328,1994,46,48,94,92,0,0,1,
328,1995,48,49,92,95,0,0,0,
329,1982,NA,4,NA,12,0,0,1,
329,1983,4,3,12,12,0,0,1,
329,1984,3,4,12,22,0,0,1,
329,1985,4,5,22,35,0,0,1,
329,1986,5,5,35,33,0,0,1,
329,1987,5,6,33,73,0,0,1,
329,1988,6,6,73,94,0,0,1,
329,1989,6,9,94,71,0,0,1,
329,1990,9,7,71,101,0,0,1,
329,1991,7,12,101,77,0,0,1,
329,1992,12,13,77,95,0,0,1,
329,1993,13,15,95,87,0,0,1,
329,1994,15,18,87,85,0,0,1,
329,1995,18,20,85,91,0,0,0,
342AB,1982,NA,11,NA,31,0,0,1,
342AB,1983,11,10,31,50,0,0,1,
342AB,1984,10,19,50,65,0,0,1,
342AB,1985,19,NA,65,NA,0,0,1,
342AB,1986,NA,NA,NA,NA,0,0,1,
342AB,1987,NA,40,NA,49,0,0,0,
342AU,1982,NA,11,NA,31,0,0,1,
342AU,1983,11,10,31,50,0,0,1,
342AU,1984,10,19,50,65,0,0,1,
342AU,1985,19,NA,65,NA,0,0,1,
342AU,1986,NA,NA,NA,NA,0,0,1,
342AU,1987,NA,40,NA,49,0,0,0,
342AD,1985,NA,13,NA,72,0,0,1,
342AD,1986,13,18,72,69,0,0,1,
342AD,1987,18,NA,69,NA,0,0,1,
342AD,1988,NA,26,NA,84,0,0,1,
342AD,1989,26,39,84,86,0,0,0,
345U,1986,NA,4,NA,39,0,0,1,
345U,1987,4,5,39,33,0,0,1,
345U,1988,5,7,33,58,0,0,1,
345U,1989,7,12,58,68,0,0,1,
345U,1990,12,14,68,66,0,0,1,
345U,1991,14,12,66,65,0,0,1,
345U,1992,12,12,65,90,0,0,1,
345U,1993,12,13,90,87,0,0,1,
345U,1994,13,13,87,70,0,0,1,
345U,1995,13,17,70,84,0,0,1,
345U,1996,17,NA,84,NA,2,0,0,"In ""Died before flowering"" sheet, but says it has 2 flowers in 1996. No leaf data in 1996"
350,1984,NA,3,NA,11,0,0,1,
350,1985,3,5,11,16,0,0,1,
350,1986,5,5,16,26,0,0,1,
350,1987,5,3,36,25,0,0,1,
350,1988,3,4,25,35,0,0,1,
350,1989,4,5,35,29,0,0,1,
350,1990,5,NA,29,NA,0,0,1,
350,1991,NA,5,NA,50,0,0,1,
350,1992,5,5,50,52,0,0,1,
350,1993,5,5,52,53,0,0,1,
350,1994,5,7,53,73,0,0,1,
350,1995,7,7,73,73,0,0,0,
351,1983,NA,7,NA,62,0,0,1,
351,1984,7,10,62,53,0,0,1,
351,1985,10,9,53,67,0,0,1,
351,1986,9,9,67,61,0,0,1,
351,1987,9,10,61,60,0,0,1,
351,1988,10,13,60,80,0,0,1,
351,1989,13,17,80,69,0,0,1,
351,1990,13,15,69,85,0,0,1,
351,1991,15,13,85,78,0,0,1,
351,1992,13,14,69,73,0,0,1,
351,1993,14,16,73,72,0,0,0,
358,1983,NA,4,NA,38,0,0,1,
358,1984,4,7,38,62,0,0,1,
358,1985,7,8,62,66,0,0,1,
358,1986,8,9,66,64,0,0,1,
358,1987,9,10,64,60,0,0,1,
358,1988,10,13,60,80,0,0,1,
358,1989,13,17,80,69,0,0,1,
358,1990,17,15,69,85,0,0,1,
358,1991,15,13,85,78,0,0,1,
358,1992,13,14,78,84,0,0,1,
359,1993,14,NA,84,NA,0,0,1,
359,1994,NA,6,NA,43,0,0,0,
370UL,1984,NA,5,NA,20,0,0,1,
370UL,1985,5,6,20,35,0,0,1,
370UL,1986,6,5,35,39,0,0,1,
370UL,1987,5,6,39,44,0,0,1,
370UL,1988,6,7,44,65,0,0,1,
370UL,1989,7,8,65,58,0,0,1,
370UL,1990,8,9,58,86,0,0,1,
370UL,1991,9,11,86,91,0,0,1,
370UL,1992,11,12,91,100,0,0,1,
370UL,1993,12,15,100,105,0,0,1,
370UL,1994,15,13,105,92,0,0,0,
370DR,1985,NA,4,NA,15,0,0,1,
370DR,1986,4,5,15,33,0,0,1,
370DR,1987,5,5,33,40,0,0,1,
370DR,1988,5,5,40,42,0,0,1,
370DR,1989,5,7,42,56,0,0,1,
370DR,1990,7,7,56,81,0,0,1,
370DR,1991,7,8,81,77,0,0,1,
370DR,1992,8,9,77,92,0,0,1,
370DR,1993,9,11,92,90,0,0,1,
370DR,1994,11,12,90,89,0,0,0,
371,1984,NA,4,NA,40,0,0,1,
371,1985,4,9,40,45,0,0,1,
371,1986,9,8,45,43,0,0,1,
371,1987,8,8,43,39,0,0,1,
371,1988,8,8,39,50,0,0,1,
371,1989,8,12,50,42,0,0,1,
371,1990,12,10,42,78,0,0,1,
371,1991,10,12,78,65,0,0,1,
371,1992,12,8,65,52,0,0,1,
371,1993,8,8,52,64,0,0,1,
371,1994,8,5,64,34,0,0,1,
371,1995,5,8,34,52,0,0,1,
371,1996,8,11,52,60,0,0,1,
371,1997,11,NA,60,NA,0,0,1,
371,1998,NA,18,NA,76,0,0,1,
371,1999,18,21,76,62,0,0,1,
371,2000,21,17,62,82,0,0,0,"Columns offset by 1, but numbers make sense"
374,1984,NA,5,NA,5,0,0,1,
374,1985,5,6,5,15,0,0,1,
374,1986,6,6,15,22,0,0,1,
374,1987,6,5,22,25,0,0,1,
374,1988,5,15,35,37,0,0,1,
374,1989,15,15,37,37,0,0,0,
375L,1984,NA,2,NA,25,0,0,1,
375L,1985,2,3,25,24,0,0,1,
375L,1986,3,4,24,41,0,0,1,
375L,1987,4,5,41,39,0,0,1,
375L,1988,5,6,39,78,0,0,1,
375L,1989,6,7,78,71,0,0,1,
375L,1990,7,8,71,83,0,0,1,
375L,1991,8,9,83,83,0,0,1,
375L,1992,9,13,83,98,0,0,1,
375L,1993,13,12,98,109,0,0,1,
375L,1994,12,12,109,108,0,0,1,
375L,1995,12,18,108,103,0,0,0,
375M,1984,NA,3,NA,40,0,0,1,
375M,1985,3,4,40,48,0,0,1,
375M,1986,4,4,48,52,0,0,1,
375M,1987,4,5,41,39,0,0,1,
375M,1988,5,6,39,79,0,0,1,
375M,1989,6,10,79,71,0,0,1,
375M,1990,10,9,71,98,0,0,1,
375M,1991,9,10,98,84,0,0,1,
375M,1992,10,13,84,92,0,0,1,
375M,1993,13,15,92,98,0,0,1,
375M,1994,15,14,98,102,0,0,1,
365M,1995,14,24,102,111,0,0,0,
375D,1984,NA,3,NA,44,0,0,1,
375D,1985,3,4,44,59,0,0,1,
375D,1986,4,5,59,52,0,0,1,
375D,1987,5,6,52,41,0,0,1,
375D,1988,6,7,41,76,0,0,1,
375D,1989,7,9,76,67,0,0,1,
375D,1990,9,9,67,91,0,0,1,
375D,1991,9,4,91,66,0,0,0,
377R,1986,NA,5,NA,65,0,0,1,
377R,1987,5,6,65,69,0,0,1,
377R,1988,6,6,69,103,0,0,1,
377R,1989,6,10,103,90,0,0,1,
377R,1990,10,12,90,123,0,0,1,
377R,1991,12,18,123,115,0,0,1,
377R,1992,18,17,115,107,0,0,1,
377R,1993,17,16,107,138,0,0,1,
377R,1994,16,27,138,126,0,0,0,
377UR,1986,NA,7,NA,71,0,0,1,
377UR,1987,7,7,71,70,0,0,1,
377UR,1988,7,9,70,102,0,0,1,
377UR,1989,9,14,102,80,0,0,1,
377UR,1990,14,15,80,120,0,0,1,
377UR,1991,15,18,120,119,0,0,1,
377UR,1992,18,19,119,120,0,0,1,
377UR,1993,19,22,120,131,0,0,1,
377UR,1994,22,24,131,127,0,0,0,
379,1984,NA,3,NA,11,0,0,1,
379,1985,3,4,11,24,0,0,1,
379,1986,4,3,24,26,0,0,1,
379,1987,3,3,26,30,0,0,1,
379,1988,3,4,30,37,0,0,1,
379,1989,4,4,37,27,0,0,1,
379,1990,4,5,27,40,0,0,1,
379,1991,5,5,40,37,0,0,1,
379,1992,5,6,37,42,0,0,1,
379,1993,6,5,42,41,0,0,1,
379,1994,5,5,41,30,0,0,1,
379,1995,5,6,30,50,0,0,0,
378,1990,NA,6,NA,42,0,0,1,
378,1991,6,7,42,41,0,0,1,
378,1992,7,8,41,48,0,0,1,
378,1993,8,7,48,52,0,0,0,
380UL,1985,NA,4,NA,40,0,0,1,
380UL,1986,4,4,30,38,0,0,1,
380UL,1987,4,4,48,35,0,0,1,
380UL,1988,4,5,35,42,0,0,1,
380UL,1989,5,5,42,39,0,0,1,
380UL,1990,5,4,29,42,0,0,1,
380UL,1991,4,5,42,39,0,0,1,
380UL,1992,5,4,39,42,0,0,1,
380UL,1993,4,4,42,39,0,0,1,
380UL,1994,4,3,39,40,0,0,1,
380UL,1995,3,4,40,33,0,0,0,
380R,1985,NA,5,NA,27,0,0,1,
380R,1986,5,5,27,42,0,0,1,
380R,1987,5,5,42,35,0,0,1,
380R,1988,5,6,35,50,0,0,1,
380R,1989,6,8,50,43,0,0,1,
380R,1990,8,9,43,59,0,0,1,
380R,1991,9,10,59,49,0,0,1,
380R,1992,10,8,49,48,0,0,1,
380R,1993,8,8,48,50,0,0,1,
380R,1994,8,7,50,35,0,0,1,
380R,1995,7,10,35,99,0,0,0,
383L,1985,NA,5,NA,41,0,0,1,
383L,1986,5,NA,41,NA,0,0,1,
383L,1987,NA,6,NA,46,0,0,1,
383L,1988,6,7,46,68,0,0,1,
383L,1989,7,10,68,51,0,0,1,
383L,1990,10,7,51,32,0,0,1,
383L,1991,7,6,32,55,0,0,1,
383L,1992,6,6,55,57,0,0,1,
383L,1993,6,4,57,52,0,0,0,
383,1992,NA,4,NA,24,0,0,1,
383,1993,4,2,24,28,0,0,0,
387U,1984,NA,4,NA,10,0,0,1,
387U,1985,4,4,10,20,0,0,1,
387U,1986,4,4,20,25,0,0,1,
387U,1987,4,4,25,28,0,0,1,
387U,1988,4,6,28,35,0,0,1,
387U,1989,6,7,35,27,0,0,1,
387U,1990,7,5,27,42,0,0,1,
387U,1991,5,6,42,38,0,0,1,
387U,1992,6,4,38,34,0,0,1,
387U,1993,4,3,34,30,0,0,0,
387R,1984,NS,4,NA,16,0,0,1,
387R,1985,4,5,16,32,0,0,1,
387R,1986,5,5,32,42,0,0,1,
387R,1987,5,4,42,42,0,0,1,
387R,1988,4,6,42,52,0,0,1,
387R,1989,6,8,52,50,0,0,1,
387R,1990,8,8,50,69,0,0,1,
387R,1991,8,9,69,61,0,0,1,
387R,1992,9,9,61,68,0,0,1,
387R,1993,9,10,68,69,0,0,1,
387R,1994,10,6,69,15,0,0,0,
387L,1984,NA,6,NA,14,0,0,1,
387L,1985,6,6,14,32,0,0,1,
387L,1986,6,7,32,35,0,0,1,
387L,1987,7,5,35,32,0,0,1,
387L,1988,5,6,32,45,0,0,1,
387L,1989,6,7,45,43,0,0,1,
387L,1990,7,7,43,58,0,0,1,
387L,1991,7,7,58,56,0,0,1,
387L,1992,7,7,56,56,0,0,1,
387L,1993,7,7,56,66,0,0,1,
387L,1994,7,7,66,15,0,0,1,
387L,1995,7,7,15,28,0,0,0,
388UTB,1984,NA,3,NA,5,0,0,1,
388UTB,1985,3,5,5,12,0,0,1,
388UTB,1986,5,4,12,19,0,0,1,
388UTB,1987,4,4,19,28,0,0,1,
388UTB,1988,4,5,28,33,0,0,1,
388UTB,1989,5,3,33,12,0,0,1,
388UTB,1990,3,4,12,29,0,0,1,
388UTB,1991,4,4,29,38,0,0,0,
388D,1984,NA,4,NA,10,0,0,1,
388D,1985,4,5,10,23,0,0,1,
388D,1986,5,5,23,27,0,0,1,
388D,1987,5,4,27,25,0,0,1,
388D,1988,4,6,25,37,0,0,1,
388D,1989,6,7,37,32,0,0,1,
388D,1990,7,7,32,53,0,0,1,
388D,1991,7,9,53,51,0,0,1,
388D,1992,9,NA,51,NA,0,0,1,
388D,1993,NA,NA,NA,NA,0,0,1,
388D,1994,NA,3,NA,47,0,0,1,
388D,1995,3,8,47,61,0,0,0,
390TIML,1984,NA,4,NA,11,0,0,1,
390TIML,1985,4,5,10,23,0,0,1,
390TIML,1986,5,5,23,27,0,0,1,
390TIML,1987,5,NA,27,NA,0,0,1,
390TIML,1988,NA,NA,NA,NA,0,0,1,
390TIML,1989,NA,NA,NA,NA,0,0,1,
390TIML,1990,NA,6,NA,54,0,0,1,
390TIML,1991,6,5,54,51,0,0,1,
390TIML,1992,5,6,51,49,0,0,0,
390DM,1984,NA,4,NA,24,0,0,1,
390DM,1985,4,5,24,31,0,0,1,
390DM,1986,5,5,31,31,0,0,1,
390DM,1987,NA,NA,NA,NA,0,0,1,
390DM,1988,NA,NA,NA,NA,0,0,1,
390DM,1989,NA,NA,NA,NA,0,0,1,
390DM,1990,NA,6,NA,57,0,0,1,
390DM,1991,6,8,57,44,0,0,1,
390DM,1992,8,8,44,48,0,0,1,
390DM,1993,8,9,48,56,0,0,0,
390UL,1984,NA,4,NA,16,0,0,1,
390UL,1985,4,5,16,32,0,0,1,
390UL,1986,5,5,32,36,0,0,1,
390UL,1987,NA,NA,NA,NA,0,0,1,
390UL,1988,NA,NA,NA,NA,0,0,1,
390UL,1989,NA,NA,NA,NA,0,0,1,
390UL,1990,NA,6,NA,62,0,0,1,
390UL,1991,6,8,62,52,0,0,1,
390UL,1992,8,8,52,59,0,0,1,
390UL,1993,8,8,59,54,0,0,0,
390UR,1984,NA,3,NA,13,0,0,1,
390UR,1985,3,3,13,18,0,0,1,
390UR,1986,3,4,18,15,0,0,1,
390UR,1987,NA,NA,NA,NA,0,0,1,
390UR,1988,NA,NA,NA,NA,0,0,1,
390UR,1989,NA,NA,NA,NA,0,0,1,
390UR,1990,NA,5,NA,34,0,0,1,
390UR,1991,5,7,34,33,0,0,1,
390UR,1992,7,8,33,44,0,0,1,
390UR,1993,8,8,44,50,0,0,0,
391BL,1988,NA,7,NA,47,0,0,1,
391BL,1989,7,9,47,42,0,0,1,
391BL,1990,9,9,42,53,0,0,1,
391BL,1991,9,11,53,56,0,0,1,
391BL,1992,11,11,56,63,0,0,1,
391BL,1993,11,13,63,77,0,0,1,
391BL,1994,13,13,77,78,0,0,1,
391BL,1995,13,22,78,84,0,0,1,
391BL,1996,22,22,84,80,0,0,1,
391BL,1997,22,20,80,83,0,0,1,
391BL,1998,20,22,83,109,0,0,1,
391BL,1999,22,25,109,95,0,0,1,
391BL,2000,25,20,95,96,0,0,1,
391BL,2001,20,24,96,103,0,0,1,
391BL,2002,24,23,103,90,0,0,1,Says probably new tag 746. Not sure if this is survival or not
391BR,1988,NA,6,NA,39,0,0,1,
391BR,1989,6,5,39,30,0,0,1,
391BR,1990,5,5,30,49,0,0,1,
391BR,1991,5,5,49,53,0,0,1,
391BR,1992,5,5,53,52,0,0,1,
391BR,1993,5,7,52,70,0,0,1,
391BR,1994,7,6,70,69,0,0,1,
391BR,1995,6,9,69,69,0,0,1,
391BR,1996,9,9,69,71,0,0,1,
391BR,1997,9,9,71,67,0,0,1,
391BR,1998,9,9,67,85,0,0,1,
391BR,1999,9,10,85,82,0,0,1,
391BR,2000,10,8,82,89,0,0,1,
391BR,2001,8,7,89,92,0,0,1,
391BR,2002,7,5,92,99,0,0,0,
392UL,1988,NA,5,NA,26,0,0,1,
392UL,1989,5,7,26,20,0,0,1,
392UL,1990,7,5,29,35,0,0,1,
392UL,1991,5,7,35,29,0,0,1,
392UL,1992,7,4,29,39,0,0,1,
392UL,1993,4,5,39,47,0,0,0,
392UR,1988,NA,6,NA,35,0,0,1,
392UR,1989,6,7,35,28,0,0,1,
392UR,1990,7,6,28,45,0,0,1,
392UR,1991,6,5,45,30,0,0,1,
392UR,1992,5,6,30,35,0,0,1,
392UR,1993,6,4,35,36,0,0,0,
392DL,1990,NA,5,NA,44,0,0,1,
392DL,1991,5,5,44,33,0,0,1,
392DL,1992,5,5,33,35,0,0,1,
392DL,1993,5,4,35,44,0,0,0,
392DR,1990,NA,5,NA,43,0,0,1,
392DR,1991,5,5,43,36,0,0,1,
392DR,1992,5,6,36,38,0,0,1,
392DR,1993,6,5,38,44,0,0,1,
393,1984,NA,6,NA,23,0,0,1,
393,1985,6,NA,23,NA,0,0,1,
393,1986,NA,7,NA,44,0,0,1,
393,1987,7,7,4,35,0,0,1,
393,1988,7,10,35,59,0,0,1,
393,1989,10,13,59,50,0,0,1,
393,1990,13,15,50,98,0,0,1,
393,1991,15,20,98,86,0,0,1,
393,1992,20,28,86,100,0,0,1,
393,1993,28,31,100,111,0,0,0,Gophered
396TR,1989,NA,9,NA,56,0,0,1,
396TR,1990,9,9,56,52,0,0,1,
396TR,1991,9,9,52,70,0,0,1,
396TR,1992,9,13,70,64,0,0,1,
396TR,1993,13,12,64,81,0,0,1,
396TR,1994,12,11,81,57,0,0,1,
396TR,1995,11,12,57,77,0,0,1,
396TR,1996,12,13,77,72,0,0,1,
396TR,1997,13,13,72,66,0,0,1,
396TR,1998,13,13,66,87,0,0,1,
396TR,1999,13,16,87,81,0,0,1,
396TR,2000,16,12,81,96,0,0,1,
396TR,2001,12,NA,96,NA,0,0,1,
396TR,2002,NA,NA,NA,NA,0,0,1,
396TR,2003,NA,20,NA,93,0,0,1,
396TR,2004,20,22,93,109,0,0,1,
396TR,2005,22,32,109,106,0,0,1,
396TR,2006,32,NA,106,NA,0,0,1,
396TR,2007,NA,30,NA,102,0,0,1,
396TR,2008,30,35,102,110,0,0,0,
396R,1989,NA,7,NA,52,0,0,1,
396R,1990,7,8,52,76,0,0,1,
396R,1991,8,10,76,65,0,0,1,
396R,1992,10,10,65,71,0,0,1,
396R,1993,10,12,71,84,0,0,0,"Says Dead in 1994, more data in 2007 though"
397,1984,NA,5,NA,19,0,0,1,
397,1985,5,5,19,28,0,0,1,
397,1986,5,4,28,44,0,0,1,
397,1987,4,NA,44,NA,0,0,1,
397,1988,NA,4,NA,60,0,0,1,
397,1989,4,5,60,52,0,0,1,
397,1990,5,28,52,115,0,0,1,Data seems weird for this one
397,1991,28,7,115,60,0,0,1,
397,1992,7,7,60,63,0,0,1,
397,1993,7,5,63,56,0,0,0,
398L,1985,NA,6,NA,22,0,0,1,
398L,1986,6,5,22,25,0,0,1,
398L,1987,5,NA,25,NA,0,0,1,
398L,1988,NA,6,NA,35,0,0,1,
398L,1989,6,5,35,16,0,0,0,
398UM,1985,NA,6,NA,23,0,0,1,
398UM,1986,6,5,23,20,0,0,1,
398UM,1987,5,NA,20,NA,0,0,1,
398UM,1988,NA,5,NA,30,0,0,0,
398DM,1985,NA,3,NA,12,0,0,0,
398UR,1985,NA,4,NA,14,0,0,0,
398UMR,1985,NA,6,NA,21,0,0,0,
398DMR,1985,NA,5,NA,22,0,0,1,
398DR,1985,NA,6,NA,24,0,0,1,
398DR,1986,6,6,24,27,0,0,1,
398DR,1987,6,NA,27,NA,0,0,1,
398DR,1988,NA,6,NA,43,0,0,0,
398R,1989,NA,5,NA,22,0,0,1,
398R,1990,5,6,22,26,0,0,0,
399,1984,NA,4,NA,12,0,0,1,
399,1985,4,5,12,30,0,0,1,
399,1986,5,5,30,27,0,0,1,
399,1987,5,4,27,34,0,0,1,
399,1988,4,6,34,31,0,0,1,
399,1989,6,5,31,21,0,0,1,
399,1990,5,5,21,38,0,0,1,
399,1991,5,5,38,30,0,0,1,
399,1992,5,5,30,30,0,0,1,
399,1993,5,4,30,35,0,0,1,
399,1994,4,4,35,35,0,0,0,
404TR,1984,NA,4,NA,10,0,0,1,
404TR,1985,4,7,10,19,0,0,1,
404TR,1986,7,5,19,30,0,0,1,
404TR,1987,5,4,30,34,0,0,1,
404TR,1988,4,6,34,42,0,0,1,
404TR,1989,6,5,42,35,0,0,1,
404TR,1990,5,4,35,19,0,0,0,
405UR,1985,NA,5,NA,20,0,0,1,
405UR,1986,5,4,20,20,0,0,0,
405R,1985,NA,9,NA,54,0,0,1,
405R,1986,9,12,54,65,0,0,1,
405R,1987,12,NA,65,NA,0,0,1,
405R,1988,NA,16,NA,93,0,0,1,
405R,1989,16,12,93,81,0,0,0,
405U,1985,NA,6,NA,32,0,0,1,
405U,1986,6,6,32,40,0,0,1,
405U,1987,6,NA,40,NA,0,0,1,
405U,1988,NA,7,NA,48,0,0,1,
405U,1989,7,8,48,33,0,0,0,
405L,1985,NA,5,NA,20,0,0,1,
405L,1986,5,6,20,35,0,0,1,
405L,1987,6,NA,35,NA,0,0,1,
405L,1988,NA,5,NA,42,0,0,1,
405L,1989,5,11,42,32,0,0,0,
405TB,1990,NA,4,NA,17,0,0,0,
406TR,1984,NA,4,NA,14,0,0,1,
406TR,1985,4,4,14,21,0,0,0,
407,1984,NA,5,NA,23,0,0,1,
407,1985,5,7,23,35,0,0,1,
407,1986,7,8,35,40,0,0,1,
407,1987,8,9,40,43,0,0,1,
407,1988,9,13,43,59,0,0,1,
407,1989,13,15,59,55,0,0,0,
410TR,1984,NA,5,NA,12,0,0,1,
410TR,1985,5,5,23,29,0,0,1,
410TR,1986,5,7,29,26,0,0,1,
410TR,1987,7,9,26,43,0,0,1,
410TR,1988,9,13,43,59,0,0,1,
410TR,1989,13,15,59,55,0,0,0,
410TIMR,1985,NA,5,NA,28,0,0,1,
410TIMR,1986,5,4,28,24,0,0,1,
410TIMR,1987,4,NA,24,NA,0,0,1,
410TIMR,1988,NA,7,NA,34,0,0,1,
410TIMR,1989,7,6,34,32,0,0,0,
410DR,1984,NA,6,NA,21,0,0,1,
410DR,1985,6,7,21,34,0,0,1,
410DR,1986,7,7,34,30,0,0,1,
410DR,1987,7,5,30,29,0,0,1,
410DR,1988,5,7,29,45,0,0,1,
410DR,1989,7,9,45,38,0,0,0,
412,1984,NA,4,NA,11,0,0,1,
412,1985,4,NA,11,NA,0,0,1,
412,1986,NA,7,NA,41,0,0,1,
412,1987,7,6,41,53,0,0,1,
412,1988,6,7,54,45,0,0,1,
412,1989,7,10,45,53,0,0,1,
412,1990,10,7,53,62,0,0,0,Gophered
413,1984,NA,10,NA,12,0,0,1,
413,1985,10,8,12,26,0,0,1,
413,1986,8,5,26,32,0,0,1,
413,1987,5,7,32,42,0,0,1,
413,1988,7,10,42,45,0,0,1,
413,1989,10,11,45,42,0,0,1,
413,1990,11,14,42,71,0,0,1,
413,1991,13,23,71,79,0,0,1,
413,1992,23,29,79,97,0,0,1,
413,1993,29,39,97,96,0,0,1,
413,1994,39,31,96,101,0,0,1,
413,1995,31,49,101,100,0,0,0,Gophered
413TIMR,1984,NA,7,NA,17,0,0,1,
413TIMR,1985,7,8,17,31,0,0,1,
413TIMR,1986,8,8,31,35,0,0,1,
413TIMR,1987,8,9,35,41,0,0,1,
413TIMR,1988,9,10,41,47,0,0,1,
413TIMR,1989,10,14,47,50,0,0,0,
416DL,1984,NA,4,NA,16,0,0,1,
416DL,1985,4,5,16,22,0,0,1,
416DL,1986,5,6,22,36,0,0,1,
416DL,1987,6,6,36,30,0,0,1,
416DL,1988,6,7,30,42,0,0,1,
416DL,1989,7,7,42,33,0,0,1,
416DL,1990,7,6,33,54,0,0,1,
416DL,1991,6,5,54,59,0,0,0,
416U,1990,NA,6,NA,52,0,0,1,
416U,1991,6,8,52,49,0,0,1,
416U,1992,8,8,49,61,0,0,1,
416U,1993,8,7,61,75,0,0,0,
416M,1990,NA,7,NA,53,0,0,1,
416M,1991,7,10,53,58,0,0,1,
416M,1992,10,11,58,62,0,0,1,
416M,1993,11,10,62,70,0,0,0,Gophered?
416D,1990,NA,3,NA,24,0,0,1,
416D,1991,3,5,24,33,0,0,1,
416D,1992,5,6,33,44,0,0,1,
416D,1993,6,5,44,40,0,0,1,
416,1984,NA,4,NA,9,0,0,1,
416,1985,4,4,9,9,0,0,1,
416,1986,4,3,9,11,0,0,1,
416,1987,3,4,11,24,0,0,1,
416,1988,4,5,24,33,0,0,1,
416,1989,5,5,33,21,0,0,0,
416A,1984,NA,4,NA,7,0,0,1,
416A,1985,4,3,7,16,0,0,1,
416A,1986,3,6,16,32,0,0,1,
416A,1987,6,7,32,32,0,0,1,
416A,1988,7,8,32,44,0,0,1,
416A,1989,8,8,44,39,0,0,0,
416B,1984,NA,3,NA,8,0,0,1,
416B,1985,3,6,8,32,0,0,1,
416B,1986,6,5,32,22,0,0,1,
416B,1987,5,4,22,30,0,0,1,
416B,1988,4,5,30,26,0,0,1,
416B,1989,5,5,26,15,0,0,0,
416C,1984,NA,3,NA,12,0,0,1,
416C,1985,3,4,12,20,0,0,1,
416C,1986,4,5,20,31,0,0,1,
416C,1987,5,6,31,31,0,0,1,
416C,1988,6,7,31,44,0,0,1,
416C,1989,7,8,44,26,0,0,0,
416E,1984,NA,4,NA,20,0,0,1,
416E,1985,4,5,20,20,0,0,1,
416E,1986,5,5,20,26,0,0,1,
416E,1987,5,3,26,32,0,0,1,
416E,1988,3,5,32,36,0,0,0,
416F,1984,NA,2,NA,7,0,0,1,
416F,1985,2,5,7,26,0,0,0,
416G,1984,NA,2,NA,10,0,0,0,
416H,1984,NA,2,NA,11,0,0,0,
416I,1984,NA,4,NA,12,0,0,0,
416J,1984,NA,4,NA,11,0,0,0,
416K,1984,NA,4,NA,13,0,0,0,
417,1984,NA,5,NA,11,0,0,1,
417,1985,5,4,11,32,0,0,1,
417,1986,4,5,32,33,0,0,1,
417,1987,5,5,33,36,0,0,1,
417,1988,5,5,36,56,0,0,1,
417,1989,5,6,56,40,0,0,0,
426TB,1995,NA,4,NA,45,0,0,0,
429,1984,NA,5,NA,22,0,0,1,
429,1985,5,6,22,34,0,0,1,
429,1986,6,6,34,34,0,0,1,
429,1987,6,6,34,45,0,0,1,
429,1988,6,9,45,52,0,0,1,
429,1989,9,9,52,50,0,0,1,
429,1990,9,7,50,69,0,0,1,
429,1991,7,NA,69,NA,0,0,1,
429,1992,NA,8,NA,61,0,0,1,
429,1993,8,7,61,57,0,0,0,
429U,1991,NA,9,NA,35,0,0,1,
429U,1992,9,8,35,61,0,0,1,
429U,1993,8,8,61,53,0,0,1,
429U,1994,8,7,53,46,0,0,1,
429U,1995,7,11,46,35,0,0,0,
429D,1991,NA,5,NA,35,0,0,1,
429D,1992,5,5,35,48,0,0,1,
429D,1993,5,3,48,14,0,0,1,
429D,1994,3,3,14,49,0,0,1,
429D,1995,3,7,49,48,0,0,1,
429D,1996,7,7,48,57,0,0,1,
429D,1997,7,7,57,50,0,0,1,
429D,1998,7,10,50,59,0,0,1,
429D,1999,7,11,59,62,0,0,1,
429D,2000,11,9,62,89,0,0,1,
429D,2001,9,13,89,96,0,0,1,
429D,2002,13,15,96,80,0,0,0,
430,1984,NA,3,NA,10,0,0,1,"Leaf number is ""3+C"""
430,1985,3,5,10,31,0,0,1,
430,1986,5,5,31,33,0,0,1,
430,1987,5,6,33,42,0,0,1,
430,1988,6,8,42,51,0,0,1,
430,1989,8,8,51,28,0,0,1,
430,1990,8,6,28,51,0,0,1,
430,1991,6,7,51,52,0,0,1,
430,1992,7,7,52,56,0,0,1,
430,1993,7,8,56,57,0,0,1,
430,1994,8,7,57,60,0,0,1,
430,1995,7,11,60,60,0,0,0,
431,1984,NA,5,NA,34,0,0,1,
431,1985,5,NA,34,NA,0,0,1,
431,1986,NA,3,NA,37,0,0,1,
431,1987,4,3,37,30,0,0,1,
431,1988,3,3,30,43,0,0,1,
431,1989,3,4,43,24,0,0,1,
431,1990,4,NA,24,NA,0,0,1,
431,1991,NA,5,NA,32,0,0,1,
431,1992,5,6,32,63,0,0,1,
431,1993,6,5,63,66,0,0,1,
431,1994,5,NA,66,NA,0,0,1,
431,1995,NA,10,NA,73,0,0,0,Gophered
438,1984,NA,5,NA,25,0,0,1,
438,1985,5,5,25,47,0,0,1,
438,1986,5,6,47,58,0,0,1,
438,1987,6,5,58,50,0,0,1,
438,1988,5,9,50,57,0,0,1,
438,1989,9,11,57,67,0,0,0,Gophered
440,1984,NA,12,NA,72,0,0,1,
440,1985,12,19,72,80,0,0,1,
440,1986,19,29,80,100,0,0,1,
440,1987,29,24,100,89,0,0,1,
440,1988,24,32,89,115,0,0,1,
440,1989,32,40,115,117,0,0,1,
445R,1984,NA,11,NA,82,0,0,1,
445R,1985,11,16,82,75,0,0,1,
445R,1986,16,9,75,89,0,0,0,
445L,1984,NA,11,NA,79,0,0,1,
445L,1985,11,16,79,81,0,0,1,
445L,1986,16,14,81,73,0,0,0,
446,1984,NA,7,NA,47,0,0,1,
446,1985,7,10,47,50,0,0,1,
446,1986,10,14,50,63,0,0,1,
446,1987,14,16,63,62,0,0,1,
446,1988,16,18,62,68,0,0,1,
446,1989,18,35,68,87,0,0,0,
450,1985,NA,5,NA,31,0,0,1,
450,1986,5,5,31,21,0,0,1,
450,1987,5,5,21,15,0,0,1,
450,1988,5,6,15,35,0,0,1,
450,1989,6,10,35,32,0,0,1,
450,1990,10,9,32,44,0,0,1,
450,1991,9,10,44,53,0,0,1,
450,1992,10,11,53,64,0,0,1,
450,1993,11,10,64,70,0,0,1,
450,1994,10,11,70,76,0,0,1,
450,1995,11,13,76,69,0,0,1,
450,1996,13,12,69,67,0,0,1,
450,1997,12,13,67,62,0,0,1,
450,1998,13,13,62,84,0,0,1,
450,1999,13,19,84,82,0,0,0,
451,1985,NA,4,NA,24,0,0,1,
451,1986,4,4,24,24,0,0,1,
451,1987,4,NA,24,NA,0,0,1,
451,1988,NA,5,NA,39,0,0,1,
451,1989,5,8,39,31,0,0,1,
451,1990,8,9,31,50,0,0,1,
451,1991,9,11,50,55,0,0,1,
451,1992,11,12,55,56,0,0,1,
451,1993,12,12,56,67,0,0,1,
451,1994,12,11,67,72,0,0,1,
451,1995,11,14,72,72,0,0,1,
451,1996,14,17,72,67,0,0,1,
451,1997,17,13,67,62,0,0,1,
451,1998,12,21,62,103,0,0,1,
451,1999,21,26,103,88,0,0,0,
452,1985,NA,5,NA,37,0,0,1,
452,1986,5,5,37,36,0,0,1,
452,1987,5,4,36,34,0,0,1,
452,1988,4,5,34,41,0,0,1,
452,1989,5,6,41,37,0,0,1,
452,1990,6,7,37,82,0,0,1,
452,1991,7,9,82,41,0,0,1,
452,1992,9,9,41,39,0,0,1,
452,1993,9,9,39,46,0,0,1,
452,1994,9,9,46,35,0,0,1,
452,1995,9,14,35,55,0,0,0,
453DL,1985,NA,3,NA,16,0,0,1,
453DL,1986,3,3,16,26,0,0,1,
453DL,1987,3,NA,26,NA,0,0,1,
453DL,1988,NA,6,NA,56,0,0,1,
453DL,1989,6,9,56,54,0,0,1,
453DL,1990,9,9,54,82,0,0,1,
453DL,1991,9,11,82,74,0,0,1,
453DL,1992,11,13,74,92,0,0,1,
453DL,1993,13,18,92,85,0,0,1,
453DL,1994,18,17,85,92,0,0,1,
453DL,1995,17,21,92,97,0,0,0,
453UR,1985,NA,5,NA,22,0,0,1,
453UR,1986,5,4,22,32,0,0,1,
453UR,1987,4,NA,32,NA,0,0,1,
453UR,1988,NA,6,NA,54,0,0,1,
453UR,1989,6,8,54,45,0,0,1,
453UR,1990,8,9,45,74,0,0,1,
453UR,1991,9,13,74,68,0,0,1,
453UR,1992,13,13,68,81,0,0,1,
453UR,1993,13,20,81,82,0,0,1,
453UR,1994,20,20,82,95,0,0,1,
453UR,1995,20,31,95,90,0,0,0,
458,1985,NA,5,NA,16,0,0,1,
458,1986,5,6,16,24,0,0,1,
458,1987,6,4,24,48,0,0,1,
458,1988,4,6,48,34,0,0,1,
458,1989,6,7,34,32,0,0,1,
458,1990,7,9,32,45,0,0,1,
458,1991,9,9,45,63,0,0,1,
458,1992,9,11,63,59,0,0,1,
458,1993,11,14,59,72,0,0,1,
458,1994,14,15,72,75,0,0,1,
458,1995,15,27,75,95,0,0,0,
464U,1985,NA,5,NA,14,0,0,1,
464U,1986,5,4,14,28,0,0,1,
464U,1987,4,4,28,28,0,0,1,
464U,1988,4,6,28,31,0,0,1,
464U,1989,6,8,31,30,0,0,1,
464U,1990,8,8,30,45,0,0,1,
464U,1991,8,11,45,52,0,0,1,
464U,1992,11,12,52,54,0,0,1,
464U,1993,12,12,54,63,0,0,0,
464D,1985,NA,4,NA,13,0,0,1,
464D,1986,4,4,13,15,0,0,1,
464D,1987,4,5,15,17,0,0,1,
464D,1988,5,NA,17,NA,0,0,1,
464D,1989,NA,7,NA,22,0,0,1,
464D,1990,7,7,22,18,0,0,1,
464D,1991,7,2,18,26,0,0,1,
464D,1992,2,NA,26,NA,0,0,1,
464D,1993,NA,NA,NA,NA,0,0,1,
464D,1994,NA,11,NA,57,0,0,1,
464D,1995,11,15,57,70,0,0,0,Gophered
467,1985,NA,6,NA,15,0,0,1,
467,1986,6,5,15,26,0,0,1,
467,1987,5,5,26,35,0,0,1,
467,1988,5,7,35,38,0,0,1,
467,1989,7,11,38,38,0,0,1,
467,1990,11,15,38,74,0,0,1,
467,1991,15,27,74,71,0,0,1,
467,1992,27,30,71,84,0,0,1,
467,1993,30,33,84,66,0,0,1,
467,1994,30,24,66,72,0,0,0,
470,1987,NA,4,NA,37,0,0,0,
470UL,1988,NA,8,NA,71,0,0,1,
470UL,1989,8,11,71,74,0,0,1,
470UL,1990,11,15,74,92,0,0,1,
470UL,1991,15,19,92,92,0,0,1,
470UL,1992,19,21,92,101,0,0,1,
470UL,1993,21,25,101,108,0,0,1,
470UL,1994,25,24,108,123,0,0,1,
470UL,1995,24,34,123,125,0,0,0,
471TIMUL,1987,NA,6,NA,76,0,0,1,
471TIMUL,1988,6,7,76,97,0,0,1,
471TIMUL,1989,7,14,97,65,0,0,1,
471TIMUL,1990,14,14,65,106,0,0,1,
471TIMUL,1991,14,13,106,83,0,0,1,
471TIMUL,1992,13,13,83,103,0,0,1,
471TIMUL,1993,13,NA,103,NA,0,0,1,
471TIMUL,1994,NA,13,NA,107,0,0,0,
471U,1995,NA,4,NA,20,0,0,1,
471U,1996,4,8,20,24,0,0,1,
471U,1997,8,11,24,42,0,0,1,
471U,1998,11,13,42,81,0,0,1,
471U,1999,13,20,81,99,0,0,1,
471U,2000,20,23,99,105,0,0,1,
471U,2001,23,31,105,110,0,0,1,
471U,2002,31,31,110,107,0,0,0,"""Probably new tag 733""?"
471TIMDR,1987,NA,9,NA,33,0,0,1,
471TIMDR,1988,9,12,33,63,0,0,1,
471TIMDR,1989,12,11,63,47,0,0,1,
471TIMDR,1990,11,19,47,78,0,0,1,
471TIMDR,1991,19,20,78,76,0,0,1,
471TIMDR,1992,20,23,76,81,0,0,1,
471TIMDR,1993,23,NA,81,NA,0,0,1,
471TIMDR,1994,NA,23,NA,86,0,0,1,
471TIMDR,1995,23,31,86,85,0,0,0,
472L,1987,NA,6,NA,57,0,0,1,
472L,1988,6,8,57,80,0,0,1,
472L,1989,8,7,8,59,0,0,1,
472L,1990,7,9,59,85,0,0,1,
472L,1991,9,9,85,88,0,0,1,
472L,1992,9,12,88,95,0,0,1,
472L,1993,12,15,95,99,0,0,1,
472L,1994,15,14,99,90,0,0,1,
472L,1995,13,23,90,92,0,0,0,
472R,1987,NA,6,NA,60,0,0,1,
472R,1988,6,9,60,75,0,0,1,
472R,1989,9,7,75,56,0,0,1,
472R,1990,7,8,56,82,0,0,1,
472R,1991,8,8,82,82,0,0,1,
472R,1992,8,10,82,102,0,0,1,
472R,1993,10,10,102,96,0,0,1,
472R,1994,10,14,96,81,0,0,1,
472R,1995,14,19,81,88,0,0,1,
474M,1989,NA,6,NA,43,0,0,1,
474M,1990,6,6,43,65,0,0,1,
474M,1991,6,7,65,59,0,0,1,
474M,1992,7,6,59,64,0,0,1,
474M,1993,6,5,64,52,0,0,0,
474UR,1989,NA,7,NA,34,0,0,1,
474UR,1990,7,6,34,35,0,0,1,
474UR,1991,6,7,35,44,0,0,1,
474UR,1992,7,6,44,53,0,0,1,
474UR,1993,6,27,53,110,0,0,0,
474D,1988,NA,9,NA,44,0,0,1,
474D,1989,9,9,44,49,0,0,1,
474D,1990,9,7,49,67,0,0,1,
474D,1991,7,8,67,71,0,0,1,
474D,1992,8,6,71,42,0,0,1,
474D,1993,6,8,42,76,0,0,1,
474D,1994,8,4,76,56,0,0,1,
474D,1995,4,6,56,60,0,0,1,
474D,1996,6,12,60,66,0,0,1,
474D,1997,12,17,66,69,0,0,0,
480,1987,NA,3,NA,10,0,0,1,
480,1988,3,5,10,16,0,0,1,
480,1989,5,4,16,20,0,0,1,
480,1990,4,5,20,30,0,0,1,
480,1991,5,7,30,42,0,0,1,
480,1992,7,6,42,46,0,0,1,
480,1993,6,6,36,57,0,0,1,
480,1994,6,7,57,36,0,0,1,
480,1995,7,10,36,61,0,0,0,
482TB,1987,NA,6,NA,39,0,0,1,
482TB,1988,6,7,39,53,0,0,1,
482TB,1989,7,8,53,44,0,0,1,
482TB,1990,8,9,44,62,0,0,1,
482TB,1991,9,12,62,52,0,0,1,
482TB,1992,12,12,56,66,0,0,1,
482TB,1993,12,11,66,80,0,0,1,
482TB,1994,11,NA,80,NA,0,0,1,
482TB,1995,NA,19,NA,90,0,0,0,
483,1987,NA,5,NA,14,0,0,1,
483,1988,5,6,14,14,0,0,1,
483,1989,6,5,14,17,0,0,1,
483,1990,5,7,17,39,0,0,1,
483,1991,7,8,39,NA,0,0,1,
483,1992,8,9,NA,52,0,0,1,
483,1993,9,11,52,65,0,0,1,
483,1994,11,13,65,66,0,0,1,
483,1995,13,15,66,72,0,0,0,
486,1988,NA,5,NA,24,0,0,1,
486,1989,5,5,24,15,0,0,1,
486,1990,5,7,15,28,0,0,1,
486,1991,7,9,28,22,0,0,1,
486,1992,9,7,22,40,0,0,1,
486,1993,7,8,40,45,0,0,1,
486,1994,8,7,45,42,0,0,1,
486,1995,7,13,42,54,0,0,0,
487L,1988,NA,6,NA,33,0,0,1,
487L,1989,6,8,33,28,0,0,1,
487L,1990,8,10,28,48,0,0,1,
487L,1991,10,10,48,34,0,0,1,
487L,1992,10,12,34,62,0,0,1,
487L,1993,12,11,62,71,0,0,1,
487L,1994,11,12,71,75,0,0,1,
487L,1995,12,20,75,80,0,0,0,
487R,1988,NA,5,NA,22,0,0,1,
487R,1989,5,6,22,20,0,0,1,
487R,1990,6,6,20,33,0,0,1,
487R,1991,6,6,33,50,0,0,1,
487R,1992,6,10,50,43,0,0,1,
487R,1993,10,7,43,60,0,0,1,
487R,1994,7,8,60,65,0,0,1,
487R,1995,8,8,65,63,0,0,0,
489U,1990,NA,7,NA,32,0,0,0,
489D,1990,NA,7,NA,38,0,0,1,
489D,1991,7,8,38,36,0,0,1,
489D,1992,8,10,36,43,0,0,1,
489D,1993,10,10,43,49,0,0,1,
489D,1994,10,7,49,50,0,0,1,
489D,1995,7,10,50,39,0,0,0,
489R,1990,NA,5,NA,23,0,0,0,
491A,1991,NA,6,NA,43,0,0,1,
491A,1992,6,6,43,41,0,0,1,
491A,1993,6,8,41,31,0,0,1,
491A,1994,8,4,31,50,0,0,1,
491A,1995,4,7,50,43,0,0,0,
491B,1991,NA,12,NA,40,0,0,1,
491B,1992,12,9,40,43,0,0,1,
491B,1993,9,7,43,63,0,0,1,
491B,1994,7,6,63,31,0,0,1,
491B,1995,6,9,31,41,0,0,0,
491C,1991,NA,8,NA,50,0,0,1,
491C,1992,8,9,50,63,0,0,1,
491C,1993,9,10,63,74,0,0,1,
491C,1994,10,7,74,63,0,0,1,
491C,1995,7,11,63,55,0,0,1,
491D,1991,NA,10,NA,55,0,0,1,
491D,1992,10,10,55,65,0,0,1,
491D,1993,10,8,65,80,0,0,1,
491D,1994,8,8,80,35,0,0,1,
491D,1995,8,12,35,80,0,0,0,
491E,1991,NA,9,NA,69,0,0,1,
491E,1992,9,10,69,72,0,0,1,
491E,1993,10,6,72,69,0,0,1,
491E,1994,6,7,69,75,0,0,1,
491E,1995,7,4,75,40,0,0,0,
491F,1991,NA,7,NA,57,0,0,1,
491F,1992,7,7,57,65,0,0,1,
491F,1993,7,5,65,67,0,0,1,
491F,1994,5,5,67,51,0,0,1,
491F,1995,5,5,51,38,0,0,0,
491T,1991,NA,6,NA,54,0,0,1,
491T,1992,6,6,54,62,0,0,1,
491T,1993,6,11,62,75,0,0,1,
491T,1994,11,11,75,75,0,0,1,
491T,1995,11,16,75,77,0,0,0,
491G,1991,NA,10,NA,50,0,0,1,
491G,1992,10,11,50,66,0,0,1,
491G,1993,11,15,66,72,0,0,1,
491G,1994,15,17,72,73,0,0,1,
491G,1995,18,22,73,77,0,0,0,
491UR,1991,NA,13,NA,52,0,0,1,
491UR,1992,13,12,52,65,0,0,1,
491UR,1993,12,10,65,72,0,0,1,
491UR,1994,10,12,75,64,0,0,1,
491UR,1995,12,13,64,64,0,0,0,
491H,1991,NA,11,NA,59,0,0,1,
491H,1992,11,11,59,54,0,0,1,
491H,1993,11,10,54,69,0,0,1,
491H,1994,10,10,69,65,0,0,1,
491H,1995,10,11,65,75,0,0,0,
491I,1991,NA,10,NA,48,0,0,1,
491I,1992,10,9,48,58,0,0,1,
491I,1993,9,5,58,64,0,0,1,
491I,1994,5,5,64,61,0,0,1,
491I,1995,5,7,61,69,0,0,0,
491J,1991,NA,9,NA,41,0,0,1,
491J,1992,9,6,41,59,0,0,0,
493,1988,NA,7,NA,30,0,0,1,
493,1989,7,13,30,42,0,0,1,
493,1990,13,18,42,61,0,0,1,
493,1991,18,25,61,63,0,0,1,
493,1992,25,27,63,85,0,0,1,
493,1993,27,37,85,90,0,0,1,
493,1994,37,43,90,86,0,0,1,
493,1995,43,51,86,90,0,0,0,
494,1988,NA,9,NA,80,0,0,1,
494,1989,9,16,80,60,0,0,1,
494,1990,16,16,60,91,0,0,1,
494,1991,16,18,91,87,0,0,1,
494,1992,18,17,87,89,0,0,1,
494,1993,17,21,89,94,0,0,1,
494,1994,21,21,94,92,0,0,0,
495,1988,NA,4,NA,26,0,0,1,
495,1989,4,7,26,32,0,0,1,
495,1990,7,8,32,64,0,0,1,
495,1991,8,11,64,51,0,0,1,
495,1992,11,9,51,65,0,0,1,
495,1993,9,14,65,65,0,0,1,
495,1994,13,15,65,7,0,0,1,7 LLL?
495,1995,15,24,7,81,0,0,0,
504,1988,NA,2,NA,10,0,0,1,
504,1989,2,4,10,10,0,0,1,
504,1990,4,5,10,22,0,0,1,
504,1991,5,5,22,31,0,0,1,
504,1992,5,4,31,43,0,0,1,
504,1993,4,5,43,47,0,0,1,
504,1994,5,4,47,23,0,0,1,
504,1995,4,7,23,38,0,0,1,
504,1996,7,9,38,32,0,0,1,
504,1997,9,9,32,51,0,0,1,
504,1998,9,13,51,61,0,0,1,
504,1999,13,18,61,60,0,0,1,
504,2000,18,20,60,74,0,0,1,
504,2001,20,24,74,92,0,0,1,
504,2002,24,25,92,67,0,0,0,
507TB,1988,NA,2,NA,7,0,0,1,
507TB,1989,2,NA,7,NA,0,0,1,
507TB,1990,NA,4,NA,9,0,0,1,
507TB,1991,4,4,9,16,0,0,1,
507TB,1992,4,6,16,21,0,0,1,
507TB,1993,6,5,21,27,0,0,1,
507TB,1994,5,3,27,10,0,0,1,
507TB,1995,3,6,10,31,0,0,1,
507TB,1996,6,7,31,24,0,0,1,
507TB,1997,7,7,24,20,0,0,1,
507TB,1998,7,7,20,32,0,0,1,
507TB,1999,7,8,32,36,0,0,0,
515,1988,NA,6,NA,40,0,0,1,
515,1989,6,6,22,24,0,0,1,
515,1990,6,6,24,32,0,0,1,
515,1991,6,5,32,36,0,0,1,
515,1992,5,6,36,33,0,0,1,
515,1993,6,6,33,45,0,0,1,
515,1994,6,7,45,39,0,0,1,
515,1995,7,13,39,45,0,0,1,
515,1996,13,14,45,48,0,0,1,
515,1997,14,14,48,80,0,0,1,
515,1998,14,19,80,81,0,0,1,
515,1999,19,25,81,91,0,0,0,
519,1988,NA,6,NA,40,0,0,1,
519,1989,6,10,40,42,0,0,1,
519,1990,10,9,42,59,0,0,1,
519,1991,9,8,59,67,0,0,1,
519,1992,8,8,67,84,0,0,1,
519,1993,8,12,84,66,0,0,1,
519,1994,12,NA,66,NA,0,0,1,
519,1995,NA,15,NA,73,0,0,0,
521,1988,NA,5,NA,39,0,0,1,
521,1989,5,6,39,49,0,0,1,
521,1990,6,6,49,53,0,0,1,
521,1991,6,7,53,54,0,0,1,
521,1992,7,7,54,78,0,0,1,
521,1993,7,10,78,63,0,0,1,
521,1994,10,10,63,72,0,0,1,
521,1995,10,13,72,65,0,0,1,
521,1996,13,13,65,78,0,0,0,
522A,1991,NA,6,NA,35,0,0,1,
522A,1992,6,6,35,46,0,0,1,
522A,1993,6,5,46,50,0,0,1,
522A,1994,5,5,50,22,0,0,1,
522A,1995,5,7,22,55,0,0,0,
522B,1993,NA,2,NA,12,0,0,1,
522B,1994,2,2,12,7,0,0,1,
522B,1995,2,3,7,17,0,0,0,
522C,1991,NA,4,NA,22,0,0,1,
522C,1992,4,5,22,21,0,0,1,
522C,1993,5,4,21,25,0,0,1,
522C,1994,4,6,25,39,0,0,1,
522C,1995,6,4,39,33,0,0,0,
522D,1991,NA,4,NA,22,0,0,1,
522D,1992,4,5,22,29,0,0,1,
522D,1993,5,4,29,33,0,0,1,
522D,1994,4,NA,33,NA,0,0,1,
522D,1995,NA,5,NA,32,0,0,0,
522E,1991,NA,6,NA,41,0,0,1,
522E,1992,6,5,41,49,0,0,1,
522E,1993,5,6,49,46,0,0,1,
522E,1994,6,6,46,47,0,0,1,
522E,1995,6,8,47,52,0,0,1,
522F,1991,NA,2,NA,7,0,0,1,
522F,1992,2,2,7,12,0,0,1,
522F,1993,2,3,12,10,0,0,1,
522F,1994,3,5,10,44,0,0,1,
522F,1995,5,3,44,15,0,0,1,
522F,1996,3,3,15,14,0,0,0,
522G,1991,NA,6,NA,31,0,0,1,
522G,1992,6,6,31,47,0,0,1,
522G,1993,6,7,47,43,0,0,1,
522G,1994,7,6,43,39,0,0,1,
522G,1995,6,10,39,50,0,0,0,
522H,1991,NA,5,NA,32,0,0,1,
522H,1992,5,6,32,43,0,0,1,
522H,1993,6,7,43,41,0,0,1,
522H,1994,7,6,41,50,0,0,1,
522H,1995,6,8,50,52,0,0,0,
522I,1991,NA,6,NA,20,0,0,1,
522I,1992,6,6,20,36,0,0,0,
522J,1991,NA,9,NA,47,0,0,1,
522J,1992,9,10,47,59,0,0,1,
522J,1993,10,11,59,59,0,0,1,
522J,1994,11,12,59,57,0,0,1,
522J,1995,12,15,57,62,0,0,0,
523TRU,1988,NA,7,NA,29,0,0,1,
523TRU,1989,7,9,29,26,0,0,1,
523TRU,1990,9,12,26,50,0,0,1,
523TRU,1991,12,9,50,44,0,0,1,
523TRU,1992,9,9,44,65,0,0,1,
523TRU,1993,9,10,65,60,0,0,1,
523TRU,1994,10,8,60,70,0,0,1,
523TRU,1995,8,13,70,65,0,0,0,
523TRD,1991,NA,6,NA,39,0,0,1,
523TRD,1992,6,6,39,56,0,0,1,
523TRD,1993,6,6,56,56,0,0,1,
523TRD,1994,6,4,56,60,0,0,1,
523TRD,1995,4,7,60,55,0,0,0,
524,1988,NA,7,NA,28,0,0,1,
524,1989,7,7,28,23,0,0,1,
524,1990,7,7,23,45,0,0,1,
524,1991,7,7,45,48,0,0,1,
524,1992,7,8,48,57,0,0,1,
524,1993,8,7,57,52,0,0,1,
524,1994,7,7,52,60,0,0,1,
524,1995,7,10,60,59,0,0,0,
525U,1988,NA,7,NA,33,0,0,1,
525U,1989,7,6,33,43,0,0,1,
525U,1990,6,7,43,66,0,0,1,
525U,1991,7,8,66,61,0,0,1,
525U,1992,8,9,61,75,0,0,1,
525U,1993,9,10,75,74,0,0,1,
525U,1994,10,9,74,63,0,0,1,
525U,1995,9,10,63,40,0,0,0,
525D,1988,NA,6,NA,31,0,0,1,
525D,1989,6,5,31,35,0,0,1,
525D,1990,5,7,35,66,0,0,1,
525D,1991,7,7,63,66,0,0,1,
525D,1992,7,9,66,77,0,0,1,
525D,1993,9,11,77,78,0,0,1,
525D,1994,11,11,78,74,0,0,1,
525D,1995,11,11,74,59,0,0,0,
525R,1988,NA,5,NA,22,0,0,1,
525R,1989,5,6,22,34,0,0,1,
525R,1990,6,6,34,49,0,0,1,
525R,1991,6,6,49,54,0,0,1,
525R,1992,6,7,54,68,0,0,1,
525R,1993,7,8,68,77,0,0,1,
525R,1994,8,8,77,80,0,0,1,
525R,1995,8,10,80,70,0,0,0,
527,1988,NA,6,NA,17,0,0,1,
527,1989,6,5,17,28,0,0,1,
527,1990,5,9,28,49,0,0,1,
527,1991,9,9,49,53,0,0,1,
527,1992,9,12,53,62,0,0,1,
527,1993,12,12,62,68,0,0,1,
527,1994,12,12,68,78,0,0,1,
527,1995,12,19,78,91,0,0,0,
534,1988,NA,6,NA,18,0,0,1,
534,1989,6,6,18,20,0,0,1,
534,1990,6,6,20,49,0,0,1,
534,1991,6,8,49,41,0,0,1,
534,1992,8,10,41,53,0,0,1,
534,1993,10,11,53,67,0,0,1,
534,1994,11,16,67,70,0,0,0,
535,1988,NA,5,NA,22,0,0,1,
535,1989,5,6,22,22,0,0,1,
535,1990,6,3,22,40,0,0,0,
535U,1991,NA,3,NA,23,0,0,1,
535U,1992,3,3,23,25,0,0,1,
535U,1993,3,3,25,31,0,0,0,
535D,1991,NA,6,NA,39,0,0,1,
535D,1992,6,6,39,45,0,0,1,
535D,1993,6,5,45,38,0,0,0,
541TA,1989,NA,6,NA,47,0,0,1,
541TA,1990,6,7,47,46,0,0,1,
541TA,1991,7,7,76,73,0,0,1,
541TA,1992,7,8,73,72,0,0,1,
541TA,1993,8,8,72,87,0,0,1,
541TA,1994,8,10,87,90,0,0,0,
543,1989,NA,14,NA,66,0,0,1,
543,1990,14,15,66,109,0,0,1,
543,1991,15,20,109,88,0,0,1,
543,1992,20,22,88,100,0,0,1,
543,1993,22,25,100,108,0,0,1,
543,1994,25,27,108,100,0,0,0,
544,1989,NA,4,NA,17,0,0,1,
544,1990,4,5,17,28,0,0,1,
544,1991,5,4,28,31,0,0,1,
544,1992,4,4,31,30,0,0,1,
544,1993,4,3,30,28,0,0,1,
544,1994,3,2,28,30,0,0,1,
544,1995,2,5,30,45,0,0,1,
544,1996,5,7,45,40,0,0,1,
544,1997,7,8,40,46,0,0,0,
545,1989,NA,5,NA,18,0,0,1,
545,1990,5,6,18,37,0,0,1,
545,1991,6,7,37,32,0,0,1,
545,1992,7,6,32,43,0,0,1,
545,1993,6,5,43,38,0,0,1,
545,1994,5,7,38,50,0,0,1,
545,1995,7,6,50,25,0,0,0,
547,1989,NA,8,NA,27,0,0,1,
547,1990,8,8,27,43,0,0,1,
547,1991,8,11,43,47,0,0,1,
547,1992,11,10,47,56,0,0,1,
547,1993,10,13,56,66,0,0,1,
547,1994,13,14,66,73,0,0,1,
547,1995,14,19,73,79,0,0,0,
549,1989,NA,5,NA,44,0,0,1,
549,1990,5,5,44,55,0,0,1,
549,1991,5,5,55,46,0,0,1,
549,1992,5,7,46,57,0,0,1,
549,1993,7,7,57,59,0,0,1,
549,1994,7,7,59,51,0,0,1,
549,1995,7,9,51,62,0,0,0,
552,1990,NA,9,NA,61,0,0,1,
552,1991,9,11,61,58,0,0,1,
552,1992,11,14,58,70,0,0,1,
552,1993,14,17,70,77,0,0,1,
552,1994,17,15,77,76,0,0,1,
552,1995,15,24,76,76,0,0,0,
553L,1990,NA,7,NA,84,0,0,1,
553L,1991,7,NA,84,NA,0,0,1,
553L,1992,NA,NA,NA,NA,0,0,1,
553L,1993,NA,8,NA,76,0,0,1,
553L,1994,8,9,76,69,0,0,1,
553L,1995,9,13,69,60,0,0,1,
553M,1990,NA,8,NA,50,0,0,1,
553M,1991,8,NA,50,NA,0,0,1,
553M,1992,NA,NA,NA,NA,0,0,1,
553M,1993,NA,12,NA,79,0,0,0,
553R,1990,NA,9,NA,46,0,0,1,
553R,1991,9,NA,46,NA,0,0,1,
553R,1992,NA,NA,NA,NA,0,0,1,
553R,1993,NA,11,NA,67,0,0,1,
553R,1994,11,11,67,72,0,0,1,
553R,1995,11,19,72,63,0,0,0,
556,1990,NA,7,NA,88,0,0,1,
556,1991,7,8,88,34,0,0,1,
556,1992,8,8,34,38,0,0,1,
556,1993,8,8,38,49,0,0,1,
556,1994,8,8,49,55,0,0,1,
556,1995,8,19,55,51,0,0,0,
557,1990,NA,6,NA,45,0,0,1,
557,1991,6,7,45,32,0,0,1,
557,1992,7,9,32,35,0,0,1,
557,1993,9,8,35,56,0,0,1,
557,1994,8,9,56,55,0,0,1,
557,1995,9,4,55,87,0,0,1,"Comment: ""Check original data. (LLL) should be 57?"""
557,1996,4,10,87,29,0,0,0,
561UTR,1990,NA,9,NA,57,0,0,1,
561UTR,1991,9,12,57,68,0,0,1,
561UTR,1992,12,14,68,81,0,0,1,
561UTR,1993,14,16,81,71,0,0,1,
561UTR,1994,16,14,71,70,0,0,1,
561UTR,1995,14,4,70,31,0,0,1,
561UTR,1996,4,6,31,39,0,0,1,
561UTR,1997,6,5,39,43,0,0,1,
561UTR,1998,5,7,43,61,0,0,1,
561UTR,1999,7,10,61,64,0,0,1,
561UTR,2000,10,10,64,89,0,0,1,
561UTR,2001,10,17,89,92,0,0,1,
561UTR,2002,17,21,92,90,0,0,1,
561UTR,2003,21,26,90,99,0,0,0,
561D,1990,NA,6,NA,38,0,0,1,
561D,1991,6,6,38,45,0,0,1,
561D,1992,6,5,45,50,0,0,1,
561D,1993,5,6,50,57,0,0,1,
561D,1994,6,4,57,40,0,0,1,
561D,1995,4,3,40,15,0,0,1,
561D,1996,3,4,15,16,0,0,0,
562,1990,NA,6,NA,26,0,0,1,
562,1991,6,5,26,35,0,0,1,
562,1992,5,6,35,51,0,0,1,
562,1993,6,6,51,50,0,0,1,
562,1994,6,7,50,49,0,0,1,
562,1995,7,8,49,59,0,0,1,
562,1996,8,7,59,57,0,0,0,Gophered
563,1990,NA,5,NA,35,0,0,1,
563,1991,5,8,35,38,0,0,1,
563,1992,8,NA,38,NA,0,0,1,
563,1993,NA,9,NA,47,0,0,1,
563,1994,9,7,47,50,0,0,1,
563,1995,7,13,50,64,0,0,1,
563,1996,13,18,64,67,0,0,0,Gophered
564,1990,NA,6,NA,32,0,0,1,
564,1991,6,8,32,34,0,0,1,
564,1992,8,10,34,53,0,0,1,
564,1993,10,13,53,55,0,0,1,
564,1994,13,13,55,65,0,0,1,
564,1995,13,20,65,64,0,0,0,
566DL,1990,NA,16,NA,88,0,0,1,
566DL,1991,16,20,88,83,0,0,1,
566DL,1992,20,16,83,73,0,0,1,
566DL,1993,16,18,73,83,0,0,1,
566DL,1994,18,13,83,94,0,0,0,
566UL,1993,NA,4,NA,37,0,0,0,
567,1990,NA,7,NA,69,0,0,1,
567,1991,7,12,69,68,0,0,1,
567,1992,12,10,68,89,0,0,1,
567,1993,10,14,89,86,0,0,1,
567,1994,14,11,86,87,0,0,1,
567,1995,11,16,87,50,0,0,0,
568,1990,NA,8,NA,38,0,0,1,
568,1991,8,9,38,45,0,0,1,
568,1992,9,10,45,58,0,0,1,
568,1993,10,11,58,54,0,0,1,
568,1994,11,10,54,56,0,0,0,
570,1990,NA,8,NA,57,0,0,1,
570,1991,8,9,57,76,0,0,1,
570,1992,9,10,76,86,0,0,1,
570,1993,10,10,86,97,0,0,1,
570,1994,10,11,97,80,0,0,1,
570,1995,11,16,80,69,0,0,0,
571TR,1991,NA,9,NA,49,0,0,1,
571TR,1992,9,8,49,59,0,0,1,
571TR,1993,8,10,59,61,0,0,1,
571TR,1994,10,9,61,57,0,0,1,
571TR,1995,9,12,57,49,0,0,0,
572TAL,1991,NA,6,NA,41,0,0,1,
572TAL,1992,6,7,41,49,0,0,1,
572TAL,1993,7,8,49,55,0,0,1,
572TAL,1994,8,6,55,74,0,0,1,
572TAL,1995,6,11,74,67,0,0,0,
572TAR,1991,NA,7,NA,46,0,0,1,
572TAR,1992,7,7,46,38,0,0,1,
572TAR,1993,7,6,38,52,0,0,1,
572TAR,1994,6,6,52,57,0,0,1,
572TAR,1995,6,11,57,65,0,0,0,
573TR,1991,NA,6,NA,48,0,0,1,
573TR,1992,6,7,48,58,0,0,1,
573TR,1993,7,8,58,65,0,0,1,
573TR,1994,8,9,65,75,0,0,0,
574L,1993,NA,3,NA,36,0,0,0,
574M,1991,NA,10,NA,69,0,0,1,
574M,1992,10,12,69,83,0,0,1,
574M,1993,12,14,83,87,0,0,1,
574M,1994,13,13,87,90,0,0,1,
574M,1995,13,18,90,100,0,0,0,
574R,1991,NA,19,NA,79,0,0,1,
574R,1992,19,21,79,99,0,0,1,
574R,1993,21,28,99,105,0,0,1,
574R,1994,28,29,105,105,0,0,1,
574R,1995,29,37,105,111,0,0,0,
575U,1997,NA,4,NA,31,0,0,1,
575U,1998,4,5,31,34,0,0,1,
575U,1999,5,6,34,46,0,0,0,
575DL,1995,NA,5,NA,40,0,0,1,
575DL,1996,5,9,40,35,0,0,1,
575DL,1997,9,12,35,51,0,0,1,
575DL,1998,12,13,51,66,0,0,1,
575DL,1999,13,14,66,72,0,0,0,
575DR,1995,NA,7,NA,43,0,0,1,
575DR,1996,7,10,43,38,0,0,1,
575DR,1997,10,12,38,42,0,0,1,
575DR,1998,12,15,42,61,0,0,1,
575DR,1999,15,15,61,78,0,0,0,
578,1992,NA,5,NA,39,0,0,1,
578,1993,5,5,39,42,0,0,1,
578,1994,5,NA,42,NA,0,0,1,
578,1995,NA,11,NA,81,0,0,0,
578R,1992,NA,6,NA,40,0,0,0,
576,1992,NA,10,NA,53,0,0,1,
576,1993,10,10,53,50,0,0,1,
576,1994,10,13,50,55,0,0,1,
576,1995,13,19,55,63,0,0,0,
579TBUL,1992,NA,5,NA,19,0,0,1,
579TBUL,1993,5,4,19,23,0,0,1,
579TBUL,1994,4,2,23,24,0,0,1,
579TBUL,1995,2,5,24,23,0,0,1,
579TBUL,1996,5,6,23,27,0,0,0,
579TBDL,1992,NA,4,NA,30,0,0,1,
579TBDL,1993,4,6,30,35,0,0,1,
579TBDL,1994,6,5,35,35,0,0,1,
579TBDL,1995,5,7,35,52,0,0,1,
579TBDL,1996,7,9,52,48,0,0,0,
579TBUR,1992,NA,4,NA,31,0,0,1,
579TBUR,1993,4,4,31,34,0,0,1,
579TBUR,1994,4,4,34,40,0,0,1,
579TBUR,1995,4,5,40,42,0,0,1,
579TBUR,1996,5,7,42,34,0,0,0,
579TBDR,1992,NA,4,NA,24,0,0,1,
579TBDR,1993,4,5,24,32,0,0,1,
579TBDR,1994,5,2,32,34,0,0,1,
579TBDR,1995,2,7,34,30,0,0,1,
579TBDR,1996,7,8,30,29,0,0,0,
580,1992,NA,6,NA,46,0,0,1,
580,1993,6,7,46,54,0,0,1,
580,1994,7,7,54,46,0,0,1,
580,1995,7,9,46,50,0,0,0,
582,1992,NA,7,NA,55,0,0,1,
582,1993,7,10,55,57,0,0,1,
582,1994,10,8,57,58,0,0,1,
582,1995,8,11,58,56,0,0,1,
582,1996,11,15,56,74,0,0,0,Gophered
581,1992,NA,7,NA,42,0,0,1,
581,1993,7,7,42,45,0,0,1,
581,1994,7,6,45,45,0,0,1,
581,1995,6,10,45,51,0,0,1,
581,1996,10,9,51,53,0,0,1,
581,1997,9,12,53,66,0,0,1,
581,1998,12,15,66,69,0,0,1,
581,1999,15,13,69,67,0,0,1,
581,2000,13,11,67,88,0,0,1,
581,2001,11,23,88,95,0,0,0,
583,1992,NA,10,NA,57,0,0,1,
583,1993,10,10,57,44,0,0,1,
583,1994,10,7,44,59,0,0,1,
583,1995,7,15,59,59,0,0,1,
583,1996,15,18,59,62,0,0,1,
583,1997,18,22,62,82,0,0,1,
583,1998,22,NA,82,NA,2,3,0,"Note: ""2 flowers + 3 small aborted buds"""
584,1992,NA,6,NA,40,0,0,1,
584,1993,6,6,40,52,0,0,1,
584,1994,6,5,52,49,0,0,1,
584,1995,5,6,49,60,0,0,1,
584,1996,6,9,60,64,0,0,1,
584,1997,9,8,64,76,0,0,1,
584,1998,8,10,76,80,0,0,1,
584,1999,10,12,80,75,0,0,1,
584,2000,12,10,75,92,0,0,1,
584,2001,10,18,92,106,0,0,1,
584,2002,18,21,106,90,0,0,0,
585UL,1992,NA,5,NA,40,0,0,1,
585UL,1993,5,5,40,50,0,0,1,
585UL,1994,5,3,50,31,0,0,0,
585DL,1992,NA,6,NA,54,0,0,1,
585DL,1993,6,5,54,48,0,0,1,
585DL,1994,5,4,48,44,0,0,1,
585DL,1995,4,5,44,47,0,0,0,
585DR,1992,NA,6,NA,42,0,0,1,
585DR,1993,6,5,42,45,0,0,1,
585DR,1994,5,4,45,49,0,0,1,
585DR,1995,4,5,49,43,0,0,0,
585UR,1992,NA,7,NA,59,0,0,1,
585UR,1993,7,6,59,67,0,0,1,
585UR,1994,6,4,67,53,0,0,1,
585UR,1995,4,4,53,43,0,0,0,
586TIML,1992,NA,5,NA,33,0,0,1,
586TIML,1993,5,4,33,42,0,0,1,
586TIML,1994,4,3,42,40,0,0,1,
586TIML,1995,3,5,40,45,0,0,1,
586TIML,1996,5,8,45,55,0,0,1,
586TIML,1997,8,6,55,59,0,0,1,
586TIML,1998,6,8,59,73,0,0,1,
586TIML,1999,8,10,73,74,0,0,1,
586TIML,2000,10,9,74,93,0,0,1,
586TIML,2001,9,11,93,100,0,0,1,
586TIML,2002,11,13,100,90,0,0,0,
586TIMDR,2003,NA,16,NA,85,0,0,1,
586TIMDR,2004,16,19,85,84,0,0,0,
586TIMML,2003,NA,15,NA,113,0,0,1,
586TIMML,2004,15,17,113,117,0,0,0,
586TIMRA,1992,NA,5,NA,67,0,0,1,
586TIMRA,1993,5,5,67,74,0,0,1,
586TIMRA,1994,5,3,74,70,0,0,1,
586TIMRA,1995,3,6,70,74,0,0,0,
586TIMRB,1992,NA,5,NA,31,0,0,1,
586TIMRB,1993,5,5,31,40,0,0,1,
586TIMRB,1994,5,3,40,39,0,0,1,
586TIMRB,1995,3,6,39,48,0,0,1,
586TIMRB,1996,6,6,48,61,0,0,1,
586TIMRB,1997,6,10,61,81,0,0,1,
586TIMRB,1998,10,14,81,81,0,0,1,
586TIMRB,1999,14,14,81,92,0,0,1,
586TIMRB,2000,14,14,92,110,0,0,1,
586TIMRB,2001,14,10,110,129,0,0,1,
586TIMRB,2002,10,23,129,89,0,0,0,
586TIMRC,1992,NA,4,NA,35,0,0,1,
586TIMRC,1993,4,4,35,47,0,0,1,
586TIMRC,1994,4,4,47,47,0,0,1,
586TIMRC,1995,4,5,47,46,0,0,1,
586TIMRC,1996,5,7,46,54,0,0,1,
586TIMRC,1997,7,6,54,76,0,0,1,
586TIMRC,1998,6,10,76,62,0,0,1,
586TIMRC,1999,20,10,62,82,0,0,1,
586TIMRC,2000,10,9,82,104,0,0,1,
586TIMRC,2001,9,14,104,116,0,0,1,
586TIMRC,2002,14,14,116,93,0,0,0,
586TIMRD,1992,NA,5,NA,42,0,0,1,
586TIMRD,1993,5,5,42,54,0,0,1,
586TIMRD,1994,5,4,54,37,0,0,1,
586TIMRD,1995,4,5,37,44,0,0,1,
586TIMRD,1996,5,7,44,56,0,0,1,
586TIMRD,1997,7,8,56,61,0,0,1,
586TIMRD,1998,8,10,61,67,0,0,1,
586TIMRD,1999,10,11,67,73,0,0,1,
586TIMRD,2000,11,10,73,90,0,0,1,
586TIMRD,2001,10,10,90,116,0,0,1,
586TIMRD,2002,10,16,116,94,0,0,0,
586TIMRE,1992,NA,4,NA,51,0,0,1,
586TIMRE,1993,4,3,51,51,0,0,1,
586TIMRE,1994,3,3,51,53,0,0,1,
586TIMRE,1995,3,5,5,50,0,0,0,
586TIMRF,1992,NA,5,NA,42,0,0,1,
586TIMRF,1993,5,5,42,50,0,0,1,
586TIMRF,1994,5,4,50,42,0,0,1,
586TIMRF,1995,4,4,42,58,0,0,1,
586TIMRF,1996,4,6,58,50,0,0,1,
586TIMRF,1997,6,7,50,64,0,0,1,
586TIMRF,1998,7,10,64,60,0,0,1,
586TIMRF,1999,10,12,60,75,0,0,1,
586TIMRF,2000,12,10,75,88,0,0,1,
586TIMRF,2001,10,19,88,143,0,0,1,
586TIMRF,2002,19,11,143,103,0,0,0,
586TIMRG,1992,NA,5,NA,45,0,0,1,
586TIMRG,1993,5,4,45,63,0,0,1,
586TIMRG,1994,4,5,63,62,0,0,1,
586TIMRG,1995,5,5,62,60,0,0,1,
586TIMRG,1996,5,7,60,43,0,0,1,
586TIMRG,1997,7,7,43,56,0,0,1,
586TIMRG,1998,7,10,56,72,0,0,1,
586TIMRG,1999,10,9,72,72,0,0,1,
586TIMRG,2000,9,10,72,93,0,0,1,
586TIMRG,2001,10,15,93,96,0,0,1,
586TIMRG,2002,15,17,96,81,0,0,0,
586DR,1997,NA,4,NA,17,0,0,1,
586DR,1998,4,3,17,23,0,0,1,
586DR,1999,3,4,23,28,0,0,1,
586DR,2000,4,3,28,27,0,0,1,
586DR,2001,3,5,27,51,0,0,1,
586DR,2002,5,3,51,43,0,0,0,
587TRD,1992,NA,6,NA,51,0,0,1,
587TRD,1993,6,5,51,39,0,0,1,
587TRD,1994,5,4,39,43,0,0,1,
587TRD,1995,4,4,43,44,0,0,0,
587TRU,1993,NA,3,NA,19,0,0,1,
587TRU,1994,3,3,19,20,0,0,1,
587TRU,1995,3,4,20,31,0,0,0,
588,1992,NA,13,NA,65,0,0,1,
588,1993,13,15,65,66,0,0,1,
588,1994,15,21,66,70,0,0,0,
589L,1992,NA,4,NA,21,0,0,1,
589L,1993,4,5,21,44,0,0,1,
589L,1994,5,5,44,45,0,0,1,
589L,1995,5,10,45,28,0,0,0,
589R,1992,NA,5,NA,39,0,0,1,
589R,1993,5,6,39,47,0,0,1,
589R,1994,6,5,47,42,0,0,1,
589R,1995,5,6,42,34,0,0,1,
589R,1996,6,9,34,42,0,0,1,
589R,1997,9,15,42,60,0,0,1,
589R,1998,15,25,60,73,0,0,1,
589R,1999,25,33,73,85,0,0,1,
589R,2000,33,31,85,97,0,0,1,
589R,2001,31,34,97,68,0,0,1,
589R,2002,34,19,68,69,0,0,0,
590,1992,NA,4,NA,41,0,0,1,
590,1993,4,5,41,47,0,0,1,
590,1994,5,NA,47,NA,0,0,1,
590,1995,NA,11,NA,61,0,0,0,
592,1992,NA,12,NA,81,0,0,1,
592,1993,12,13,81,83,0,0,1,
592,1994,13,15,83,89,0,0,1,
592,1995,15,24,89,85,0,0,1,
592,1996,24,16,85,79,0,0,0,
594,1992,NA,17,NA,77,0,0,1,
594,1993,17,22,77,97,0,0,1,
594,1994,22,21,97,101,0,0,0,
595,1992,NA,32,NA,95,0,0,1,
595,1993,32,34,95,106,0,0,1,
595,1994,34,32,106,93,0,0,0,
598,1992,NA,9,NA,61,0,0,1,
598,1993,9,11,61,57,0,0,1,
598,1994,11,9,57,51,0,0,1,
598,1995,9,15,51,62,0,0,0,
599,1993,NA,9,NA,60,0,0,1,
599,1994,9,7,60,42,0,0,1,
599,1995,7,11,42,64,0,0,1,
599,1996,11,11,64,79,0,0,1,
599,1997,11,18,79,103,0,0,1,
599,1998,18,27,103,115,0,0,1,
599,1999,27,27,115,96,0,0,0,
600UL,1993,NA,3,NA,12,0,0,1,
600UL,1994,3,2,12,11,0,0,1,
600UL,1995,2,4,11,27,0,0,1,
600UL,1996,4,4,27,31,0,0,1,
600UL,1997,4,5,31,46,0,0,1,
600UL,1998,5,7,46,71,0,0,1,
600UL,1999,7,6,71,83,0,0,1,
600UL,2000,6,7,83,103,0,0,1,
600UL,2001,7,8,103,85,0,0,1,
600UL,2002,8,8,85,91,0,0,0,
600UR,1993,NA,3,NA,15,0,0,1,
600UR,1994,3,2,15,15,0,0,1,
600UR,1995,2,3,15,26,0,0,1,
600UR,1996,3,3,26,25,0,0,1,
600UR,1997,3,4,25,41,0,0,1,
600UR,1998,4,4,41,46,0,0,1,
600UR,1999,4,5,46,73,0,0,1,
600UR,2000,5,5,73,70,0,0,1,
600UR,2001,5,5,70,85,0,0,1,
600UR,2002,5,6,85,65,0,0,0,
600D,1993,NA,3,NA,14,0,0,1,
600D,1994,3,2,14,18,0,0,0,
601UL,1993,NA,2,NA,15,0,0,1,
601UL,1994,2,2,15,18,0,0,1,
601UL,1995,2,5,18,22,0,0,1,
601UL,1996,5,5,22,41,0,0,1,
601UL,1997,5,5,41,57,0,0,1,
601UL,1998,5,8,57,72,0,0,1,
601UL,1999,8,9,72,65,0,0,1,
601UL,2000,9,9,65,90,0,0,1,
601UL,2001,9,10,90,95,0,0,1,
601UL,2002,10,7,95,61,0,0,0,
601DR,2002,NA,8,NA,61,0,0,0,
601UR,1993,NA,3,NA,17,0,0,1,
601UR,1994,3,2,17,15,0,0,0,
601M,1993,NA,4,NA,10,0,0,1,
601M,1994,4,2,10,16,0,0,0,
602UL,1993,NA,3,NA,23,0,0,1,
602UL,1994,3,2,23,19,0,0,1,
602UL,1995,2,3,19,19,0,0,1,
602UL,1996,3,4,19,13,0,0,0,
602UR,1993,NA,3,NA,18,0,0,1,
602UR,1994,3,NA,18,NA,0,0,1,
602UR,1995,NA,4,NA,24,0,0,1,
602UR,1996,4,5,24,19,0,0,0,
603DL,1993,NA,2,NA,23,0,0,0,
603DR,1993,NA,2,NA,23,0,0,0,
604UL,1995,NA,3,NA,12,0,0,1,
604UL,1996,3,4,12,24,0,0,1,
604UL,1997,4,6,24,27,0,0,1,
604UL,1998,6,7,27,40,0,0,1,
604UL,1999,7,11,40,43,0,0,1,
604UL,2000,11,11,43,57,0,0,1,
604UL,2001,11,12,57,63,0,0,1,
604UL,2002,12,12,63,54,0,0,1,Format messed up in datasheet
604UL,2003,12,15,54,71,0,0,1,Format messed up in datasheet
604UL,2004,15,10,71,78,0,0,1,Format messed up in datasheet
604UL,2005,10,13,78,75,0,0,0,Format messed up in datasheet
604UR,1993,NA,2,NA,22,0,0,1,
604UR,1994,2,NA,22,NA,0,0,1,
604UR,1995,NA,4,NA,20,0,0,1,
604UR,1996,4,4,20,36,0,0,1,
604UR,1997,4,5,36,19,0,0,1,
604UR,1998,5,5,19,14,0,0,1,
604UR,1999,5,6,14,21,0,0,1,
604UR,2000,6,6,21,71,0,0,1,
604UR,2001,6,5,71,95,0,0,1,
604UR,2002,5,5,95,40,0,0,1,
604UR,2003,5,8,40,52,0,0,1,
604UR,2004,8,9,52,67,0,0,1,
604UR,2005,9,10,67,71,0,0,0,Same formatting issues as 604UL
604DL,1993,NA,2,NA,3,0,0,1,
604DL,1994,2,2,3,6,0,0,1,
604DL,1995,2,3,6,9,0,0,0,
604DR,1993,NA,2,NA,2,0,0,1,
604DR,1994,2,3,2,19,0,0,1,
604DR,1995,3,2,19,10,0,0,0,
605R,1993,NA,3,NA,6,0,0,1,
605DR,1994,3,4,6,13,0,0,0,
605MLL,1993,NA,2,NA,14,0,0,1,
605MLL,1994,2,4,14,18,0,0,0,
605UL,1993,NA,2,NA,8,0,0,1,
605UL,1994,2,2,8,24,0,0,1,
605UL,1995,2,5,24,24,0,0,0,
605UR,1993,NA,3,NA,14,0,0,1,
605UR,1994,3,2,14,16,0,0,1,
605UR,1995,2,4,16,20,0,0,0,
605ML,1993,NA,3,NA,14,0,0,1,
605ML,1994,3,4,14,15,0,0,0,
605MR,1993,NA,3,NA,10,0,0,1,
605MR,1994,3,3,10,17,0,0,0,
605MRR,1993,NA,3,NA,7,0,0,0,
605MRR,1994,3,4,7,12,0,0,0,
605D,1993,NA,3,NA,7,0,0,1,
605D,1994,3,3,7,10,0,0,0,
605DL,1995,NA,4,NA,23,0,0,0,
605TBDR,1995,NA,5,NA,18,0,0,1,
605TBDR,1996,5,5,18,28,0,0,1,
605TBDR,1997,5,8,28,29,0,0,1,
605TBDR,1998,8,7,29,88,0,0,1,
605TBDR,1999,7,7,88,90,0,0,1,
605TBDR,2000,7,6,90,99,0,0,1,
605TBDR,2001,6,12,99,96,0,0,1,
605TBDR,2002,12,13,96,101,0,0,0,
605TBL,1997,NA,7,NA,51,0,0,1,
605TBL,1998,7,10,51,76,0,0,1,
605TBL,1999,10,12,76,68,0,0,1,
605TBL,2000,12,10,68,77,0,0,1,
605TBL,2001,10,13,77,98,0,0,1,
605TBL,2002,13,16,98,77,0,0,0,
607,1993,NA,3,NA,10,0,0,1,
607,1994,3,3,10,10,0,0,1,
607,1995,3,4,10,16,0,0,0,
608,1993,NA,8,NA,67,0,0,1,
608,1994,8,NA,67,NA,0,0,1,
608,1995,NA,9,NA,85,0,0,1,
608,1996,9,9,85,55,0,0,1,
608,1997,9,9,55,63,0,0,1,
608,1998,9,7,63,70,0,0,0,
609,1993,NA,2,NA,10,0,0,1,
609,1994,2,2,10,12,0,0,0,
611,1993,NA,7,NA,50,0,0,1,
611,1994,7,7,50,42,0,0,1,
611,1995,7,10,42,50,0,0,1,
611,1996,10,13,50,47,0,0,0,
612,1993,NA,6,NA,23,0,0,1,
612,1994,6,4,23,30,0,0,1,
612,1995,4,6,30,NA,0,0,0,Broken stem
613,1993,NA,3,NA,25,0,0,1,
613,1994,3,2,25,25,0,0,0,
614,1993,NA,7,NA,74,0,0,1,
614,1994,7,8,74,55,0,0,1,
614,1995,8,19,55,63,0,0,0,
615,1993,NA,16,NA,58,0,0,1,
615,1994,16,16,58,82,0,0,1,
615,1995,16,22,82,72,0,0,0,
617TBL,1993,NA,5,NA,68,0,0,1,
617TBL,1994,5,NA,68,NA,0,0,1,
617TBL,1995,NA,8,NA,53,0,0,1,
617TBL,1996,8,12,53,55,0,0,0,
617TBR,1993,NA,10,NA,76,0,0,0,
618UR,1985,NA,4,NA,16,0,0,1,
618UR,1986,4,NA,16,NA,0,0,1,
618UR,1987,NA,5,NA,21,0,0,1,
618UR,1988,5,8,21,30,0,0,1,
618UR,1989,8,8,30,29,0,0,1,
618UR,1990,8,6,29,41,0,0,1,
618UR,1991,6,10,41,42,0,0,1,
618UR,1992,10,10,42,59,0,0,1,
618UR,1993,10,12,59,74,0,0,1,
618UR,1994,12,12,74,85,0,0,0,
618DL,1985,NA,4,NA,31,0,0,1,
618DL,1986,4,6,31,28,0,0,1,
618DL,1987,6,6,28,43,0,0,1,
618DL,1988,6,7,43,57,0,0,1,
618DL,1989,7,10,57,57,0,0,1,
618DL,1990,10,10,57,79,0,0,1,
618DL,1991,10,16,79,67,0,0,1,
618DL,1992,16,17,67,89,0,0,1,
618DL,1993,17,20,89,94,0,0,1,
618DL,1994,20,26,94,95,0,0,0,
620LRA,1993,NA,4,NA,19,0,0,1,
620LRA,1994,4,2,19,13,0,0,0,
620LRB,1993,NA,4,NA,25,0,0,1,
620LRB,1994,4,2,25,10,0,0,0,
620LRC,1993,NA,3,NA,21,0,0,1,
620LRC,1994,3,1,21,13,0,0,0,
620LRD,1993,NA,5,NA,19,0,0,1,
620LRD,1994,5,6,19,20,0,0,1,
620LRE,1993,NA,4,NA,16,0,0,1,
620LRE,1994,4,4,16,17,0,0,0,
621,1993,NA,5,NA,9,0,0,1,
621,1994,5,3,9,17,0,0,0,
622UL,1993,NA,3,NA,10,0,0,0,
622UM,1993,NA,3,NA,8,0,0,0,
622UR,1993,NA,4,NA,11,0,0,1,
622UR,1994,4,NA,11,NA,0,0,1,
622UR,1995,NA,5,NA,42,0,0,0,
622URR,1993,NA,4,NA,10,0,0,0,
622M,1993,NA,4,NA,12,0,0,1,
622M,1994,4,NA,12,NA,0,0,1,
622M,1995,NA,5,NA,45,0,0,0,
622D,1993,NA,4,NA,8,0,0,0,
623D,1994,NA,6,NA,37,0,0,1,
623D,1995,6,8,37,66,0,0,0,
623UL,1994,NA,7,NA,42,0,0,1,
623UL,1995,7,11,42,72,0,0,0,
623UR,1994,NA,14,NA,10,0,0,1,
623UR,1995,14,19,10,72,0,0,0,
624,1994,NA,4,NA,26,0,0,0,
625,1994,NA,4,NA,31,0,0,1,
625,1995,4,7,31,44,0,0,1,
625,1996,7,9,44,42,0,0,1,
625,1997,9,9,42,65,0,0,1,
625,1998,9,12,65,60,0,0,1,
625,1999,12,14,60,68,0,0,0,
626UL,1994,NA,2,NA,6,0,0,0,
626UR,1994,NA,2,NA,6,0,0,1,
626UR,1995,2,4,6,11,0,0,1,
626UR,1996,4,5,11,8,0,0,1,
626UR,1997,5,4,8,15,0,0,0,
626DL,1994,NA,2,NA,7,0,0,1,
626DL,1995,2,4,7,12,0,0,0,
627,1994,NA,17,NA,71,0,0,1,
627,1995,17,27,71,85,0,0,0,
628TB,1994,NA,5,NA,53,0,0,0,
629,1994,NA,2,NA,14,0,0,1,
629,1995,2,4,14,19,0,0,0,
630,1994,NA,4,NA,14,0,0,1,
630,1995,4,5,14,25,0,0,1,
630,1996,5,8,25,29,0,0,1,
630,1997,8,11,29,53,0,0,1,
630,1998,11,20,53,67,0,0,1,
630,1999,20,24,67,76,0,0,1,
630,2000,24,27,76,89,0,0,1,
630,2001,27,37,89,123,0,0,1,
630,2002,37,44,123,100,0,0,1,
630,2003,44,14,100,38,0,0,0,Note: Plant looks sick GTP
630A,2003,NA,8,NA,29,0,0,0,Note: Sprout
631UL,1994,NA,3,NA,17,0,0,1,
631UL,1995,3,5,17,22,0,0,1,
631UL,1996,5,7,22,19,0,0,1,
631UL,1997,7,7,19,47,0,0,1,
631UL,1998,7,10,47,62,0,0,1,
631UL,1999,10,14,62,68,0,0,1,
631UL,2000,14,17,68,101,0,0,1,
631UL,2001,17,27,101,112,0,0,1,
631UL,2002,27,32,112,110,0,0,1,
631UL,2003,32,23,110,89,0,0,0,Note: Plant looks sick
631M,1994,NA,2,NA,17,0,0,0,
631DR,1994,NA,3,NA,12,0,0,1,
631DR,1995,3,6,12,31,0,0,1,
631DR,1996,6,8,31,29,0,0,1,
631DR,1997,8,7,29,42,0,0,1,
631DR,1998,7,9,42,49,0,0,1,
631DR,1999,9,13,49,54,0,0,1,
631DR,2000,13,20,54,70,0,0,1,
631DR,2001,20,26,70,97,0,0,1,
631DR,2002,26,25,97,85,0,0,1,
631DR,2003,25,28,85,108,0,0,0,
632L,1994,NA,3,NA,14,0,0,0,
632R,1994,NA,3,NA,12,0,0,1,
632R,1995,3,3,12,36,0,0,0,
633,1995,NA,11,NA,56,0,0,0,
635,1995,NA,2,NA,10,0,0,0,
636,1995,NA,3,NA,11,0,0,1,
636,1996,3,6,11,22,0,0,1,
636,1997,6,5,22,46,0,0,1,
636,1998,5,5,46,66,0,0,1,
636,1999,5,7,66,77,0,0,1,
636,2000,7,7,77,86,0,0,1,
636,2001,7,7,86,82,0,0,1,
636,2002,7,8,82,60,0,0,0,
637TIML,1995,NA,3,NA,16,0,0,0,
637TIMR,1995,NA,4,NA,14,0,0,0,
638,1995,NA,2,NA,11,0,0,0,
639DL,1995,NA,3,NA,13,0,0,1,
639DL,1996,3,6,13,14,0,0,1,
639DL,1997,6,6,14,27,0,0,1,
639DL,1998,6,8,27,43,0,0,1,
639DL,1999,8,9,43,52,0,0,1,
639DL,2000,9,11,52,68,0,0,1,
639DL,2001,11,19,68,90,0,0,1,
639DL,2002,19,22,80,81,0,0,0,
639UR,1995,NA,3,NA,13,0,0,0,
640,1995,NA,4,NA,10,0,0,0,
641,1995,NA,2,NA,9,0,0,0,
642,1995,NA,4,NA,15,0,0,1,
642,1996,4,7,15,9,0,0,1,
642,1997,7,6,9,29,0,0,1,
642,1998,7,6,29,37,0,0,1,
642,1999,6,9,37,42,0,0,1,
642,2000,9,11,42,52,0,0,1,
642,2001,11,16,52,65,0,0,1,
642,2002,16,20,65,61,0,0,0,
643TBL,1995,NA,4,NA,22,0,0,0,
643TBR,1995,NA,4,NA,30,0,0,0,
644A,1996,4,6,18,28,0,0,1,
644A,1997,6,5,28,33,0,0,1,
644A,1998,5,8,33,50,0,0,1,
644A,1999,8,8,50,55,0,0,1,
644A,2000,8,8,55,57,0,0,1,
644A,2001,8,5,55,57,0,0,1,
644A,2002,5,6,57,49,0,0,0,
644B,1995,NA,3,NA,20,0,0,1,
644B,1996,3,7,20,23,0,0,1,
644B,1997,7,7,23,35,0,0,1,
644B,1998,7,11,35,52,0,0,1,
644B,1999,11,10,52,51,0,0,1,
644B,2000,10,9,51,74,0,0,1,
644B,2001,9,10,74,52,0,0,1,
644B,2002,10,7,52,48,0,0,0,
644C,1995,NA,4,NA,19,0,0,1,
644C,1996,4,4,19,27,0,0,1,
644C,1997,4,4,27,41,0,0,1,
644C,1998,4,7,41,65,0,0,1,
644C,1999,7,6,65,32,0,0,1,
644C,2000,6,5,32,85,0,0,1,
644C,2001,5,6,85,58,0,0,1,
644C,2002,6,5,58,63,0,0,0,
644D,1995,NA,4,NA,25,0,0,1,
644D,1996,4,5,25,32,0,0,1,
644D,1997,5,5,32,44,0,0,1,
644D,1998,5,7,44,71,0,0,1,
644D,1999,7,7,71,64,0,0,1,
644D,2000,7,4,64,65,0,0,1,
644D,2001,4,5,65,75,0,0,1,
644D,2002,5,4,75,62,0,0,0,
644E,1995,NA,4,NA,21,0,0,1,
644E,1996,4,5,21,26,0,0,1,
644E,1997,5,5,26,39,0,0,1,
644E,1998,5,7,39,66,0,0,1,
644E,1999,7,7,66,72,0,0,1,
644E,2000,7,6,72,100,0,0,1,
644E,2001,6,6,100,93,0,0,1,
644E,2002,6,6,93,85,0,0,0,
644F,1995,NA,6,NA,39,0,0,1,
644F,1996,6,9,39,43,0,0,1,
644F,1997,9,12,43,57,0,0,1,
644F,1998,12,15,57,85,0,0,1,
644F,1999,15,17,85,79,0,0,1,
644F,2000,17,12,79,86,0,0,1,
644F,2001,12,15,86,112,0,0,1,
644F,2002,15,18,112,98,0,0,0,
645R,1995,NA,4,NA,27,0,0,0,
645D,1995,NA,5,NA,74,0,0,0,
646L,1995,NA,5,NA,53,0,0,1,
646L,1996,5,6,53,44,0,0,1,
646L,1997,6,6,44,45,0,0,1,
646L,1998,6,8,45,72,0,0,1,
646L,1999,8,9,72,65,0,0,1,
646L,2000,9,12,65,81,0,0,1,
646L,2001,12,21,81,104,0,0,1,
646L,2002,21,25,104,83,0,0,0,"Note: ""probably new tag 646"" not sure what this means"
646M,1999,NA,9,NA,76,0,0,1,
646M,2000,9,10,76,75,0,0,1,
646M,2001,10,9,75,96,0,0,1,
646M,2002,9,13,96,82,0,0,0,
646R,1999,NA,9,NA,71,0,0,1,
646R,2000,9,9,71,70,0,0,1,
646R,2001,9,10,70,87,0,0,1,
646R,2002,10,16,87,41,0,0,0,
647,1995,NA,2,NA,14,0,0,1,
647,1996,2,NA,14,NA,0,0,1,
647,1997,NA,7,NA,30,0,0,0,
648TB,1995,NA,3,NA,9,0,0,1,
648TB,1996,3,NA,9,NA,0,0,1,
648TB,1997,NA,NA,NA,NA,0,0,1,
648TB,1998,NA,NA,NA,NA,0,0,1,
648TB,1999,NA,14,NA,86,0,0,1,
648TB,2000,14,16,86,98,0,0,1,
648TB,2001,16,33,98,112,0,0,1,
648TB,2002,33,33,112,88,0,0,1,
648TB,2003,33,32,88,100,0,0,0,
649,1995,NA,5,NA,20,0,0,1,
649,1996,5,7,20,23,0,0,1,
649,1997,7,6,23,36,0,0,1,
649,1998,6,10,36,48,0,0,1,
649,1999,10,10,48,48,0,0,0,
650,1995,NA,4,NA,19,0,0,0,
651,1995,NA,5,NA,24,0,0,1,
651,1996,5,9,24,37,0,0,1,
651,1997,9,8,37,43,0,0,1,
651,1998,8,11,43,60,0,0,1,
651,1999,11,12,60,47,0,0,1,
651,2000,12,14,47,80,0,0,1,
651,2001,14,16,80,82,0,0,1,
651,2002,16,19,82,40,0,0,0,
651D,1999,NA,12,NA,54,0,0,1,
651D,2000,12,10,54,70,0,0,1,
651D,2001,10,14,70,76,0,0,1,
651D,2002,14,17,76,69,0,0,0,
651R,2000,NA,17,NA,65,0,0,1,
651R,2001,17,22,65,75,0,0,1,
651R,2002,22,33,75,74,0,0,0,
653,1995,NA,3,NA,20,0,0,1,
653,1996,3,5,20,20,0,0,1,
653,1997,5,6,20,33,0,0,1,
653,1998,6,7,33,45,0,0,1,
653,1999,7,10,45,49,0,0,1,
653,2000,10,14,49,69,0,0,1,
653,2001,14,19,69,67,0,0,1,
653,2002,19,25,66,67,0,0,0,
656,1995,NA,5,NA,23,0,0,0,
657,1995,NA,5,NA,31,0,0,1,
657,1996,5,4,31,31,0,0,1,
657,1997,4,16,31,69,0,0,0,Note: gopher hole nearby
660,1995,NA,7,NA,48,0,0,1,
660,1996,7,7,48,50,0,0,1,
660,1997,7,7,50,59,0,0,1,
660,1998,7,10,59,60,0,0,1,
660,1999,10,11,60,61,0,0,1,
660,2000,11,10,61,73,0,0,1,
660,2001,10,12,73,69,0,0,1,
660,2002,12,13,69,53,0,0,0,
652,1995,NA,5,NA,21,0,0,0,
654,1995,NA,13,NA,59,0,0,1,
654,1996,13,18,59,60,0,0,1,
654,1997,18,19,60,61,0,0,0,
655,1995,NA,6,NA,22,0,0,0,
658,1995,NA,7,NA,38,0,0,1,
658,1996,7,12,38,62,0,0,1,
658,1997,12,NA,62,NA,0,0,1,
658,1998,NA,27,NA,84,0,0,1,
658,1999,27,34,84,92,0,0,0,
659,1995,NA,9,NA,60,0,0,0,
661,1995,NA,4,NA,11,0,0,1,
661,1996,4,5,11,12,0,0,0,
662,1995,NA,6,NA,18,0,0,0,
663U,1995,NA,5,NA,39,0,0,0,
663M,1995,NA,6,NA,25,0,0,1,
663M,1996,6,8,25,25,0,0,1,
663M,1997,8,7,25,43,0,0,1,
663M,1998,7,9,43,55,0,0,1,
663M,1999,9,11,55,49,0,0,1,
663M,2000,11,8,49,56,0,0,1,
663M,2001,8,11,56,53,0,0,1,
663M,2002,11,10,53,38,0,0,0,
663D,1995,NA,6,NA,37,0,0,1,
663D,1996,6,9,37,35,0,0,1,
663D,1997,9,9,35,72,0,0,1,
663D,1998,9,16,72,77,0,0,1,
663D,1999,16,22,77,79,0,0,1,
663D,2000,22,22,79,106,0,0,1,
663D,2001,22,26,106,88,0,0,1,
663D,2002,26,26,88,98,0,0,0,
664,1995,NA,8,NA,64,0,0,0,
665,1995,NA,9,NA,45,0,0,0,
666,1995,NA,7,NA,31,0,0,1,
666,1996,7,9,31,37,0,0,1,
666,1997,9,11,37,55,0,0,1,
666,1998,11,16,55,64,0,0,1,
666,1999,16,22,64,66,0,0,0,
667,1995,NA,5,NA,28,0,0,0,
668,1995,NA,4,NA,22,0,0,1,
668,1996,4,8,22,31,0,0,1,
668,1997,8,9,31,44,0,0,1,
668,1998,9,11,44,47,0,0,1,
668,1999,11,13,47,49,0,0,0,
669M,1996,NA,6,NA,22,0,0,1,
669M,1997,6,6,22,26,0,0,1,
669M,1998,6,8,26,35,0,0,1,
669M,1999,8,7,35,38,0,0,0,
669R,1999,NA,9,NA,60,0,0,1,
669R,2000,9,8,60,72,0,0,1,
669R,2001,8,11,72,85,0,0,1,
669R,2002,11,14,85,74,0,0,0,
669DL,1996,NA,6,NA,21,0,0,1,
669DL,1997,6,5,21,27,0,0,1,
669DL,1998,5,7,27,35,0,0,1,
669DL,1999,7,7,35,40,0,0,1,
669DL,2000,7,6,40,52,0,0,0,
670,1996,NA,4,NA,14,0,0,0,
671U,1996,NA,4,NA,28,0,0,1,
671U,1997,4,5,28,30,0,0,1,
671U,1998,5,6,30,36,0,0,1,
671U,1999,6,7,36,42,0,0,1,
671U,2000,7,7,42,55,0,0,1,
671U,2001,7,9,55,63,0,0,1,
671U,2002,9,10,63,56,0,0,0,
671D,1996,NA,6,NA,36,0,0,0,
672,1996,NA,5,NA,21,0,0,1,
672,1997,5,7,21,37,0,0,1,
672,1998,7,8,37,59,0,0,1,
672,1999,8,8,59,50,0,0,1,
672,2000,8,7,50,95,0,0,1,
672,2001,7,11,95,94,0,0,1,
672,2002,11,14,94,66,0,0,0,
673UL,1996,NA,5,NA,32,0,0,1,
673UL,1997,5,6,32,49,0,0,1,
673UL,1998,6,8,49,84,0,0,1,
673UL,1999,8,7,84,76,0,0,0,
673UR,1996,NA,6,NA,37,0,0,1,
673UR,1997,6,6,37,50,0,0,1,
673UR,1998,6,6,50,79,0,0,1,
673UR,1999,6,7,79,82,0,0,0,
673DL,1996,NA,5,NA,39,0,0,1,
673DL,1997,5,5,62,29,0,0,1,
673DL,1998,5,6,62,86,0,0,1,
673DL,1999,6,6,86,88,0,0,1,
673DL,2000,6,7,88,71,0,0,1,
673DL,2001,7,9,71,82,0,0,1,
673DL,2002,9,10,82,75,0,0,1,
673DL,2003,10,13,75,104,0,0,1,
673DR,1996,NA,14,NA,35,0,0,1,
673DR,1997,14,7,35,53,0,0,1,
673DR,1998,7,9,53,82,0,0,1,
673DR,1999,9,11,82,77,0,0,1,
673DR,2000,11,4,77,66,0,0,0,
673UR,2001,NA,9,NA,77,0,0,1,
673UR,2002,9,10,77,72,0,0,1,
673UR,2003,10,9,72,62,0,0,0,
673M,1996,NA,6,NA,53,0,0,1,
673M,1997,6,8,53,70,0,0,1,
673M,1998,8,10,70,102,0,0,1,
673M,1999,10,9,102,98,0,0,1,
673M,2000,9,8,98,74,0,0,1,
673M,2001,8,6,74,84,0,0,1,
673M,2002,6,6,84,67,0,0,1,
673M,2003,6,5,67,57,0,0,0,
673DRR,1997,NA,6,NA,42,0,0,1,
673DRR,1998,6,6,42,71,0,0,1,
673DRR,1999,6,7,71,70,0,0,0,
674U,1996,NA,6,NA,35,0,0,1,
674U,1997,6,5,35,31,0,0,1,
674U,1998,5,7,31,48,0,0,1,
674U,1999,7,8,48,66,0,0,1,
674U,2000,8,7,66,78,0,0,1,
674U,2001,7,8,78,100,0,0,1,
674U,2002,8,8,100,93,0,0,0,
674D,1996,NA,6,NA,37,0,0,1,
674D,1997,6,7,37,39,0,0,1,
674D,1998,7,8,39,52,0,0,1,
674D,1999,8,9,52,65,0,0,1,
674D,2000,9,10,65,86,0,0,1,
674D,2001,10,16,86,105,0,0,1,
674D,2002,16,11,105,88,0,0,1,
674D,2003,11,11,88,72,0,0,0,
675TR,1996,NA,3,NA,14,0,0,1,
675TR,1997,3,4,14,22,0,0,1,
675TR,1998,4,7,22,54,0,0,1,
675TR,1999,7,7,54,61,0,0,1,
675TR,2000,7,7,61,74,0,0,1,
675TR,2001,7,10,74,72,0,0,1,
675TR,2002,10,7,72,52,0,0,1,
676,1996,NA,9,NA,23,0,0,1,
676,1997,9,10,23,40,0,0,1,
676,1998,10,13,40,58,0,0,1,
676,1999,13,14,58,50,0,0,0,
677,1996,NA,6,NA,18,0,0,1,
677,1997,6,6,18,29,0,0,0,
678L,1996,NA,3,NA,9,0,0,0,
678R,1996,NA,4,NA,23,0,0,0,
679UR,1996,NA,4,NA,9,0,0,1,
679UR,1997,4,5,9,17,0,0,1,
679UR,1998,5,6,17,36,0,0,1,
679UR,1999,6,6,36,42,0,0,1,
679UR,2000,6,8,42,53,0,0,1,
679UR,2001,8,7,53,66,0,0,1,
679UR,2002,7,9,66,71,0,0,0,
679DL,1996,NA,5,NA,10,0,0,1,
679DL,1997,5,4,10,18,0,0,1,
679DL,1998,4,5,18,34,0,0,1,
679DL,1999,5,6,34,45,0,0,1,
679DL,2000,6,6,45,61,0,0,1,
679DL,2001,6,9,61,70,0,0,1,
679DL,2002,9,10,70,73,0,0,0,
680,1996,NA,7,NA,39,0,0,1,
680,1997,7,9,39,50,0,0,1,
680,1998,9,16,50,62,0,0,1,
680,1999,16,21,62,74,0,0,1,
680,2000,21,19,74,80,0,0,1,
680,2001,19,23,80,85,0,0,1,
680,2002,23,29,85,72,0,0,0,
681,1996,NA,17,NA,47,0,0,1,
681,1997,17,18,47,72,0,0,1,
681,1998,18,28,72,99,0,0,1,
681,1999,28,31,99,98,0,0,0,
682U,1996,NA,6,NA,27,0,0,1,
682U,1997,6,7,27,42,0,0,1,
682U,1998,7,11,42,56,0,0,1,
682U,1999,11,13,56,63,0,0,1,
682U,2000,13,11,63,88,0,0,1,
682U,2001,11,13,88,89,0,0,1,
682U,2002,13,12,89,82,0,0,0,
682D,1996,NA,5,NA,25,0,0,1,
682D,1997,5,3,25,18,0,0,1,
682D,1998,3,5,18,25,0,0,0,
683,1996,NA,3,NA,23,0,0,1,
683,1997,3,3,23,18,0,0,0,
684,1996,NA,8,NA,49,0,0,0,
685,1996,NA,6,NA,41,0,0,1,
685,1997,6,6,41,47,0,0,1,
685,1998,6,8,47,50,0,0,0,
687,1996,NA,3,NA,8,0,0,1,"Note: ""+2 Cotyledons"""
687,1997,3,7,8,41,0,0,1,
687,1998,7,9,41,49,0,0,1,
687,1999,9,12,49,54,0,0,1,
687,2000,12,14,54,93,0,0,1,
687,2001,14,20,93,98,0,0,1,
687,2002,20,23,98,94,0,0,0,
688,1996,NA,4,NA,9,0,0,1,
688,1997,4,8,9,40,0,0,1,
688,1998,8,8,40,65,0,0,1,
688,1999,8,11,65,59,0,0,1,
688,2000,11,14,59,85,0,0,1,
688,2001,14,23,85,101,0,0,1,
688,2002,23,26,101,98,0,0,1,
688,2003,26,26,98,98,0,0,0,
689,1996,NA,3,NA,8,0,0,1,"Note: ""+2 Cotyledons"""
689,1997,3,8,8,36,0,0,1,
689,1998,8,10,36,50,0,0,1,
689,1999,10,13,50,46,0,0,0,
690,1996,NA,4,NA,11,0,0,1,
690,1997,4,5,11,30,0,0,0,
691,1998,NA,5,NA,30,0,0,1,
691,1999,5,6,30,35,0,0,0,
692L,1998,NA,3,NA,24,0,0,1,
692L,1999,3,3,24,10,0,0,0,
692R,1998,NA,2,NA,34,0,0,0,
693TR,1998,NA,9,NA,92,0,0,1,
693TR,1999,9,10,92,98,0,0,1,
693TR,2000,10,11,98,114,0,0,1,"In datasheet, it says LLL is 14. Note says might be 114. I agree"
693TR,2001,11,24,114,125,0,0,1,
693TR,2002,24,28,125,99,0,0,1,
693TR,2003,28,36,99,100,0,0,0,
694UL,1998,NA,11,NA,74,0,0,1,
694UL,1999,11,10,74,77,0,0,1,
694UL,2000,10,13,77,79,0,0,1,
694UL,2001,13,18,79,91,0,0,1,
694UL,2002,18,20,91,93,0,0,1,
694UL,2003,20,22,93,88,0,0,0,
694UR,1998,NA,14,NA,91,0,0,1,
694UR,1999,14,23,91,90,0,0,0,
694D,1998,NA,10,NA,80,0,0,1,
694D,1999,10,10,80,84,0,0,1,
694D,2000,10,12,84,104,0,0,1,
694D,2001,12,16,104,103,0,0,1,
694D,2002,16,14,103,91,0,0,1,
694D,2003,14,13,91,76,0,0,0,
695,1998,NA,5,NA,77,0,0,1,
695,1999,5,5,77,87,0,0,0,
696TR,1998,NA,11,NA,70,0,0,1,
696TR,1999,11,15,70,82,0,0,0,
697TRU,1998,NA,7,NA,67,0,0,1,
697TRU,1999,7,7,67,66,0,0,1,
697TRU,2000,7,5,66,86,0,0,1,
697TRU,2001,5,6,86,102,0,0,1,
697TRU,2002,6,6,102,92,0,0,0,
697TRDL,1998,NA,8,NA,62,0,0,1,
697TRDL,1999,8,8,62,70,0,0,1,
697TRDL,2000,8,7,70,79,0,0,1,
697TRDL,2001,7,12,79,87,0,0,1,
697TRDL,2002,12,11,87,84,0,0,1,
697TRDL,2003,11,8,84,96,0,0,0,
697TRDR,1998,NA,7,NA,82,0,0,1,
697TRDR,1999,7,8,82,73,0,0,1,
697TRDR,2000,8,7,73,70,0,0,1,
697TRDR,2001,7,9,70,92,0,0,1,
697TRDR,2002,9,9,92,83,0,0,1,
697TRDR,2003,9,7,83,46,0,0,0,
698UR,1998,NA,8,NA,85,0,0,1,
698UR,1999,8,9,85,86,0,0,1,
698UR,2000,9,11,86,101,0,0,1,
698UR,2001,11,17,101,110,0,0,1,
698UR,2002,17,19,110,98,0,0,0,
698DL,2000,NA,15,NA,110,0,0,1,
698DL,2001,15,25,110,112,0,0,1,
698DL,2002,25,32,112,104,0,0,1,
698DL,2003,32,28,104,107,0,0,0,
699,1998,NA,17,NA,71,0,0,0,
700,1998,NA,5,NA,14,0,0,0,
701,1997,NA,9,NA,53,0,0,1,
701,1998,9,11,53,55,0,0,1,
701,1999,11,11,55,58,0,0,0,
701A,1999,NA,22,NA,108,0,0,0,
702U,1998,NA,18,NA,85,0,0,1,
702U,1999,18,20,85,70,0,0,0,
702D,2000,NA,18,NA,87,0,0,1,
702D,2001,18,20,85,70,0,0,1,
703,1998,NA,27,NA,102,0,0,1,
703,1999,27,25,102,80,0,0,1,
703,2000,25,17,80,81,0,0,1,
703,2001,17,31,81,106,0,0,1,
703,2002,31,4,106,120,0,0,0,
704,1999,NA,24,NA,105,0,0,1,
704,2000,24,29,105,112,0,0,1,
704,2001,29,49,112,130,0,0,1,
704,2002,49,NA,130,NA,5,0,0,
705,1999,NA,5,NA,23,0,0,1,
705,2000,5,6,23,41,0,0,1,
705,2001,6,6,41,42,0,0,1,
705,2002,6,6,42,44,0,0,0,
706,1999,NA,3,NA,10,0,0,1,"Note: ""Seedling. Only one in plot this year"""
706,2000,3,4,10,15,0,0,1,
706,2001,4,5,15,24,0,0,1,
706,2002,5,2,24,29,0,0,0,
707,1999,NA,8,NA,42,0,0,1,
707,2000,8,10,42,60,0,0,1,
707,2001,10,13,60,68,0,0,1,
707,2002,13,13,68,72,0,0,1,
708,1999,NA,21,NA,57,0,0,0,
709,1999,NA,9,NA,44,0,0,1,
709,2000,9,9,44,55,0,0,1,
709,2001,9,13,55,64,0,0,1,
709,2002,13,19,64,56,0,0,0,
710,1999,NA,5,NA,33,0,0,0,
711,1999,NA,8,NA,32,0,0,1,
711,2000,8,10,32,42,0,0,1,
711,2001,10,9,42,52,0,0,1,
711,2002,9,7,52,45,0,0,0,
713,1999,NA,13,NA,55,0,0,0,
714TB,1999,NA,5,NA,52,0,0,1,
714TB,2000,5,7,52,63,0,0,1,
714TB,2001,7,7,63,73,0,0,1,
714TB,2002,7,7,73,60,0,0,0,
715,1999,NA,6,NA,35,0,0,1,
715,2000,6,11,35,56,0,0,1,
715,2001,11,19,56,72,0,0,1,
715,2002,19,21,72,70,0,0,0,
716TR,1999,NA,4,NA,21,0,0,0,
717,1999,NA,6,NA,28,0,0,1,
717,2000,6,9,28,51,0,0,1,
717,2001,9,15,51,71,0,0,1,
717,2002,15,17,71,60,0,0,0,
718U,1999,NA,25,NA,65,0,0,1,
718U,2000,25,28,65,81,0,0,1,
718U,2001,28,39,81,100,0,0,1,
718U,2002,39,39,100,94,0,0,0,
718D,1999,NA,12,NA,66,0,0,1,
718D,2000,12,16,66,90,0,0,1,
718D,2001,16,24,90,100,0,0,1,
718D,2002,24,31,100,100,0,0,0,
719,2000,NA,11,NA,81,0,0,1,
719,2001,11,14,81,88,0,0,1,
719,2002,14,15,88,75,0,0,0,
720,2000,NA,10,NA,73,0,0,1,
720,2001,10,11,73,74,0,0,1,
720,2002,11,12,74,68,0,0,0,
721,2000,NA,NA,NA,NA,0,0,1,"Note: ""seedling"""
721,2001,NA,5,NA,19,0,0,1,
721,2002,5,5,19,24,0,0,0,
722,2001,NA,9,NA,48,0,0,1,
722,2002,9,8,48,47,0,0,0,
727,2002,NA,7,NA,92,0,0,0,
728,2002,NA,8,NA,46,0,0,0,
730UL,2002,NA,30,NA,90,0,0,0,
730M,2002,NA,25,NA,91,0,0,0,
730DR,2002,NA,16,NA,95,0,0,0,
731U,2002,NA,27,NA,88,0,0,0,
731D,2002,NA,11,NA,76,0,0,0,
732,2003,NA,21,NA,64,0,0,0,
733,2003,NA,25,NA,95,0,0,0,
734,2003,NA,19,NA,91,0,0,0,
735,2003,NA,19,NA,86,0,0,0,
736,2003,NA,32,NA,80,0,0,0,
737,2003,NA,11,NA,59,0,0,0,
738,2003,NA,17,NA,91,0,0,0,
739L,2003,NA,13,NA,74,0,0,0,
739R,2003,NA,9,NA,96,0,0,0,
740,2003,NA,18,NA,62,0,0,0,
741,2003,NA,17,NA,83,0,0,1,
741,2004,17,17,83,98,0,0,1,
741,2005,17,20,98,102,0,0,0,
742TRDL,2003,NA,16,NA,101,0,0,0,
742TRUR,2003,NA,9,NA,56,0,0,0,
743TR,2003,NA,15,NA,71,0,0,1,
743TR,2004,15,10,71,65,0,0,0,Gophered
744,2003,NA,32,NA,75,0,0,0,
745,2003,NA,8,NA,38,0,0,0,
391BL,2003,23,11,90,94,0,0,1,Swithced from 746R to 391BL from note
391BL,2004,11,12,94,86,0,0,0,
747,2003,NA,18,NA,99,0,0,0,
748,2003,NA,9,NA,21,0,0,0,
749,2003,NA,8,NA,50,0,0,0,
750,2003,NA,17,NA,73,0,0,1,
750,2004,17,23,73,85,0,0,0,
751,2003,NA,23,NA,89,0,0,0,
752L,2003,NA,26,NA,98,0,0,0,
752M,2003,NA,15,NA,98,0,0,0,
752R,2003,NA,16,NA,88,0,0,0,
753L,2003,NA,22,NA,101,0,0,0,
753R,2003,NA,4,NA,64,0,0,0,
754,2003,NA,12,NA,100,0,0,0,
755,2003,NA,16,NA,71,0,0,0,
756U,2003,NA,8,NA,49,0,0,0,
756D,2003,NA,29,NA,94,0,0,0,
757,2003,NA,25,NA,86,0,0,0,
758,2003,NA,18,NA,99,0,0,0,
759,2003,NA,9,NA,57,0,0,0,
760L,2003,NA,16,NA,89,0,0,0,
760R,2003,NA,6,NA,59,0,0,0,
761,2003,NA,18,NA,100,0,0,0,
762U,2003,NA,9,NA,78,0,0,0,
762D,2003,NA,11,NA,80,0,0,0,
763TA,2003,NA,14,NA,81,0,0,0,
764,2003,NA,26,NA,83,0,0,0,
765,2003,NA,31,NA,69,0,0,0,
766,2003,NA,7,NA,31,0,0,0,
767,2003,NA,11,NA,86,0,0,0,
768,2003,NA,18,NA,84,0,0,0,
769,2003,NA,26,NA,85,0,0,0,
770,2003,NA,6,NA,34,0,0,0,
771L,2003,NA,6,NA,65,0,0,0,
771R,2003,NA,10,NA,72,0,0,0,
773D,2003,NA,18,NA,90,0,0,1,
773D,2004,18,26,90,97,0,0,0,
774,2003,NA,9,NA,47,0,0,0,
775,2003,NA,4,NA,55,0,0,0,
776,2003,NA,6,NA,57,0,0,0,
778UL,2003,NA,23,NA,89,0,0,0,Sick
778DR,2003,NA,28,NA,108,0,0,0,
779,2004,NA,19,NA,88,0,0,0,Gophered
780,2004,NA,33,NA,105,0,0,0,
781,2004,NA,8,NA,91,0,0,1,
781,2005,8,11,91,123,0,0,0,
782,2004,NA,21,NA,101,0,0,0,
783UL,2004,NA,27,NA,109,0,0,0,
783UR,2004,NA,9,NA,81,0,0,0,
783U,2004,NA,5,NA,60,0,0,0,
783DR,2004,NA,22,NA,103,0,0,0,
784L,2004,NA,NA,NA,NA,5,0,0,
784M,2004,NA,13,NA,95,0,0,0,
784R,2004,NA,22,NA,87,0,0,0,
785TB,2004,NA,18,NA,68,0,0,1,
785TB,2005,18,21,68,51,0,0,0,
786TIML,2004,NA,19,NA,98,0,0,0,
786TIMR,2004,NA,43,NA,95,0,0,0,
787,2004,NA,23,NA,58,0,0,1,
787,2005,23,27,58,66,0,0,1,
787,2006,27,37,66,90,0,0,0,
788L,2004,NA,13,NA,67,0,0,0,
788R,2004,NA,10,NA,82,0,0,1,
788R,2005,10,9,82,78,0,0,1,
789TR,2004,NA,18,NA,103,0,0,1,
789TR,2005,18,24,103,82,0,0,0,
791,2004,NA,9,NA,65,0,0,1,
791,2005,9,12,65,85,0,0,1,
791,2006,12,16,85,91,0,0,0,
792,2004,NA,18,NA,76,0,0,0,
793,2004,NA,10,NA,64,0,0,0,
794,2004,NA,11,NA,69,0,0,0,
795TB,2004,NA,36,NA,105,0,0,0,
796,2004,NA,15,NA,82,0,0,0,
797TAL,2004,NA,24,NA,96,0,0,0,
797TAR,2004,NA,7,NA,61,0,0,0,
798U,2004,NA,12,NA,88,0,0,1,
798U,2005,12,13,88,87,0,0,1,
798U,2006,13,14,87,101,0,0,1,
798U,2007,14,15,101,104,0,0,1,
798U,2008,15,25,104,91,0,0,1,
798U,2009,25,NA,91,NA,0,0,1,
798U,2010,NA,22,NA,102,0,0,1,
798U,2011,22,22,102,126,0,0,0,
798D,2004,NA,11,NA,88,0,0,1,
798D,2005,11,14,88,85,0,0,1,
798D,2006,14,18,85,102,0,0,1,
798D,2007,18,21,102,110,0,0,1,
798D,2008,21,23,110,116,0,0,1,
798D,2009,23,NA,116,NA,0,0,1,
798D,2010,NA,30,NA,94,0,0,1,
798D,2011,30,21,94,124,0,0,0,
799TB,2004,NA,18,NA,95,0,0,1,
799TB,2005,18,21,95,95,0,0,0,
800TB,2004,NA,27,NA,99,0,0,0,
802TRL,2004,NA,9,NA,90,0,0,0,Under gopher dump in 2006
802TRR,2004,NA,15,NA,78,0,0,1,
802TRR,2005,15,17,78,66,0,0,0,Gophered
804,2004,NA,10,NA,61,0,0,1,
804,2005,10,13,61,83,0,0,0,"""Might be new tag 890""?"
805TB,2004,NA,6,NA,58,0,0,0,
805U,2004,NA,9,NA,40,0,0,0,
805M,2004,NA,9,NA,52,0,0,0,
805DR,2004,NA,9,NA,60,0,0,0,
806D,2005,NA,10,NA,59,0,0,0,
806E,2005,NA,4,NA,37,0,0,0,
806U,2005,NA,10,NA,50,0,0,0,
806M,2005,NA,10,NA,53,0,0,0,
806,2005,NA,12,NA,89,0,0,0,
807,2005,NA,10,NA,61,0,0,0,
808UL,2005,NA,25,NA,126,0,0,0,
808M,2005,NA,17,NA,58,0,0,0,
808DR,2005,NA,8,NA,93,0,0,0,
809,2005,NA,20,NA,122,0,0,0,
810,2005,NA,22,NA,111,0,0,0,
812,2005,NA,11,NA,70,0,0,0,
813,2005,NA,16,NA,62,0,0,0,
850,2006,NA,4,NA,22,0,0,1,
850,2007,4,6,22,40,0,0,1,
850,2008,6,10,40,71,0,0,1,
850,2009,10,19,71,91,0,0,0,
851,2006,NA,16,NA,78,0,0,1,
851,2007,16,25,78,103,0,0,1,
851,2008,25,36,103,109,0,0,0,
852,2006,NA,12,NA,10,0,0,0,
853,2006,NA,17,NA,67,0,0,0,
854,2006,NA,8,NA,48,0,0,1,
854,2007,8,8,48,57,0,0,1,
854,2008,8,13,57,59,0,0,0,"Note: ""maybe new tag 714"""
854UR,2008,NA,44,NA,119,0,0,0,"Note: ""maybe new tag 912"""
856,2006,NA,3,NA,7,0,0,0,
857,2006,NA,4,NA,7,0,0,0,
858,2006,NA,10,NA,52,0,0,0,
858URA,2006,NA,3,NA,11,0,0,0,
858RA,2006,NA,4,NA,16,0,0,0,
858RB,2006,NA,2,NA,6,0,0,0,
858DA,2006,NA,3,NA,13,0,0,0,
858DB,2006,NA,4,NA,27,0,0,0,
858DC,2006,NA,2,NA,17,0,0,0,
858DD,2006,NA,2,NA,14,0,0,0,
858LA,2007,NA,5,NA,40,0,0,0,
858LB,2007,NA,3,NA,19,0,0,0,
858UL,2007,NA,5,NA,44,0,0,0,
858DL,2007,NA,5,NA,28,0,0,0,
858U,2008,NA,6,NA,58,0,0,0,Gophered
858URB,2008,NA,5,NA,24,0,0,0,Gophered
858URC,2008,NA,4,NA,27,0,0,0,Gophered
858DR,2008,NA,5,NA,50,0,0,0,Gophered
858RUL,2008,NA,5,NA,34,0,0,0,Clump. Not sure if I interpreted these correctly
858RUR,2008,NA,9,NA,41,0,0,0,Clump. Not sure if I interpreted these correctly
858RD,2008,NA,6,NA,38,0,0,0,Clump. Not sure if I interpreted these correctly
860,2006,NA,4,NA,14,0,0,1,
860,2007,4,NA,14,NA,0,0,1,
860,2008,NA,NA,NA,NA,0,0,1,
860,2009,NA,5,NA,38,0,0,0,
861,2006,NA,8,NA,53,0,0,1,
861,2007,8,9,53,51,0,0,0,
861U,2006,NA,5,NA,19,0,0,0,
861UR,2006,NA,3,NA,18,0,0,1,
861UR,2007,3,5,18,26,0,0,0,
862,2006,NA,5,NA,13,0,0,1,
862,2007,5,5,13,35,0,0,1,
862,2008,5,8,35,37,0,0,1,
862,2009,8,7,37,29,0,0,0,
863,2006,NA,2,NA,15,0,0,1,
863,2007,2,2,15,19,0,0,1,
863,2008,2,6,19,40,0,0,1,
863URA,2006,NA,5,NA,20,0,0,1,
863URA,2007,5,5,20,28,0,0,1,
863URA,2008,5,6,28,48,0,0,0,
863URB,2006,NA,4,NA,12,0,0,1,
863URB,2007,4,5,12,22,0,0,1,
863URB,2008,5,7,22,34,0,0,0,
864TRU,2006,NA,3,NA,20,0,0,1,
864TRU,2007,3,4,20,33,0,0,1,
864TRU,2008,4,6,33,60,0,0,0,
864TRD,2006,NA,3,NA,12,0,0,0,
864URA,2006,NA,3,NA,11,0,0,0,
865,2006,NA,5,NA,21,0,0,1,
865,2007,5,5,21,42,0,0,1,
865,2008,5,8,42,45,0,0,1,
865,2009,8,11,45,54,0,0,0,
866,2006,NA,4,NA,36,0,0,1,
866,2007,4,8,36,50,0,0,1,
866,2008,8,11,50,47,0,0,1,
866,2009,11,NA,47,NA,0,0,1,Gophered
866,2010,NA,14,NA,71,0,0,1,
866,2011,14,22,71,91,0,0,0,
867,2006,NA,60,NA,109,0,0,0,
867RA,2006,NA,25,NA,108,0,0,0,
868UR,2006,NA,5,NA,23,0,0,1,
868UR,2007,5,9,23,35,0,0,1,
868UR,2008,9,15,35,52,0,0,0,
868URA,2006,NA,6,NA,22,0,0,1,
868URA,2007,6,5,22,38,0,0,1,
868URA,2008,5,11,38,61,0,0,0,
868RA,2006,NA,1,NA,9,0,0,0,
868RB,2006,NA,7,NA,32,0,0,0,
868DRA,2006,NA,6,NA,38,0,0,0,
868DRB,2006,NA,7,NA,33,0,0,1,
868DRB,2007,7,6,33,28,0,0,0,
868DRC,2008,NA,6,NA,16,0,0,0,
868DRD,2006,NA,6,NA,21,0,0,0,
868DA,2006,NA,6,NA,30,0,0,0,
868DB,2006,NA,5,NA,26,0,0,1,
868DB,2007,5,3,27,26,0,0,1,Became tag 897
868DB,2008,3,9,26,36,0,0,1,
868DB,2009,9,17,36,57,0,0,0,
868DC,2006,NA,7,NA,28,0,0,0,
868DD,2006,NA,4,NA,20,0,0,0,
868DE,2006,NA,4,NA,20,0,0,0,
869,2006,NA,3,NA,13,0,0,0,Note: recruit (cotyledons)
870D,2006,NA,8,NA,94,0,0,1,
870D,2007,8,10,94,84,0,0,0,
870U,2006,NA,12,NA,87,0,0,1,
870U,2007,12,13,87,91,0,0,0,
871,2006,NA,16,NA,84,0,0,0,
872,2006,NA,2,NA,6,0,0,0,
873,2006,NA,11,NA,68,0,0,0,
874,2006,NA,15,NA,65,0,0,0,
875,2006,NA,10,NA,71,0,0,0,
876,2006,NA,4,NA,15,0,0,0,
877,2006,NA,18,NA,76,0,0,0,
878U,2006,NA,12,NA,6,0,0,1,
878U,2007,12,15,6,64,0,0,0,
878D,2006,NA,12,NA,60,0,0,1,
878D,2007,12,13,60,61,0,0,0,
879R,2006,NA,5,NA,25,0,0,1,
879R,2007,5,8,27,25,0,0,0,
879ULA,2006,NA,4,NA,18,0,0,1,
879ULA,2007,4,5,18,32,0,0,0,
879ULA,2008,5,5,32,44,0,0,0,
879DRA,2006,NA,4,NA,16,0,0,1,
879DRA,2007,4,NA,16,NA,0,0,1,
879DRA,2008,NA,8,NA,60,0,0,1,
880,2006,NA,12,NA,72,0,0,1,
880DRA,2006,NA,9,NA,55,0,0,1,
880DRA,2007,9,10,55,54,0,0,1,
880DRA,2008,10,14,54,64,0,0,1,
880DRA,2009,14,15,64,73,0,0,0,
880DLA,2006,NA,17,NA,71,0,0,1,
880DLA,2007,17,21,71,70,0,0,1,
880DLA,2008,21,24,70,77,0,0,1,
880DLA,2009,24,24,77,78,0,0,0,
880ULA,2006,NA,6,NA,62,0,0,0,
880RA,2007,NA,11,NA,69,0,0,1,
880RA,2008,11,12,69,70,0,0,1,
880RA,2009,12,12,70,72,0,0,0,
881,2006,NA,10,NA,77,0,0,0,
881URA,2006,NA,8,NA,40,0,0,1,
881URA,2007,8,9,40,45,0,0,1,
881URA,2008,9,12,45,53,0,0,1,
881URA,2009,12,16,53,61,0,0,0,
881DRA,2006,NA,6,NA,24,0,0,1,
881DRA,2007,6,10,24,60,0,0,0,
881DRB,2008,NA,12,NA,72,0,0,1,
881DRB,2009,12,12,72,78,0,0,0,
881ULA,2006,NA,6,NA,19,0,0,0,
882,2007,NA,5,NA,38,0,0,0,Note: probably new tag 896
882,2008,5,9,38,55,0,0,0,Gophered
884,2007,NA,11,NA,111,0,0,1,
884,2008,11,13,111,103,0,0,1,
884,2009,13,22,103,84,0,0,0,
885,2007,NA,9,NA,62,0,0,1,
885,2008,9,13,62,76,0,0,1,
885,2009,13,17,76,84,0,0,0,
886,2007,NA,13,NA,72,0,0,1,
886,2008,13,17,72,88,0,0,1,
886,2009,17,20,88,119,0,0,0,
887R,2007,NA,19,NA,64,0,0,1,
887R,2008,19,28,64,72,0,0,0,
888DLA,2007,NA,11,NA,62,0,0,1,
888DLA,2008,11,15,62,79,0,0,1,
888DLA,2009,15,16,79,86,0,0,0,
888URA,2007,NA,9,NA,55,0,0,1,
888URA,2008,9,12,55,58,0,0,1,
888URA,2009,12,14,58,60,0,0,0,
888DRA,2007,NA,14,NA,75,0,0,1,
888DRA,2008,14,18,75,81,0,0,1,
888DRA,2009,18,15,81,83,0,0,0,
889,2007,NA,20,NA,86,0,0,1,
889,2008,20,23,86,93,0,0,0,
891,2007,NA,11,NA,62,0,0,0,
892,2007,NA,10,NA,50,0,0,1,
892,2008,10,14,50,63,0,0,1,
892,2009,14,16,63,98,0,0,0,
893,2008,NA,6,NA,27,0,0,0,
893DLU,2008,NA,4,NA,24,0,0,0,Gophered
894DLD,2008,NA,4,NA,21,0,0,0,
895U,2008,NA,6,NA,71,0,0,0,Gophered
895D,2008,NA,9,NA,74,0,0,0,Gophered
899TR,2008,NA,13,NA,64,0,0,1,
899TR,2009,13,21,64,93,0,0,0,
899TRU,2009,NA,7,NA,49,0,0,0,
900,2008,NA,19,NA,67,0,0,0,"Note: ""maybe old"""
901,2008,NA,25,NA,92,0,0,1,
901,2009,25,34,92,89,0,0,0,
902,2008,NA,12,NA,87,0,0,1,
902,2009,12,12,87,75,0,0,1,
902,2010,12,NA,75,NA,0,0,1,
902,2011,NA,23,NA,104,0,0,1,
902,2012,23,26,104,80,0,0,1,
902,2013,26,22,80,98,0,0,0,
903TR,2008,NA,26,NA,91,0,0,1,
903TR,2009,N26,26,91,86,0,0,0,
904URA,2008,NA,20,NA,79,0,0,1,
904URA,2009,20,22,79,88,0,0,0,
904DRA,2008,NA,17,NA,71,0,0,1,
904DRA,2009,17,20,71,83,0,0,0,
905,2009,NA,11,NA,75,0,0,1,
905,2010,11,NA,75,NA,0,0,1,
905,2011,NA,NA,NA,NA,0,0,1,
905,2012,NA,26,NA,85,0,0,0,
906,2009,NA,8,NA,55,0,0,1,
906,2010,8,12,55,75,0,0,1,
906,2011,12,21,75,95,0,0,1,
906,2012,21,26,95,85,0,0,0,
908,2009,NA,7,NA,60,0,0,0,
908UL,2009,NA,6,NA,67,0,0,0,
908UR,2009,NA,8,NA,76,0,0,0,
908D,2009,NA,11,NA,54,0,0,0,
909,2009,NA,7,NA,66,0,0,0,
911,2009,NA,18,NA,78,0,0,0,
912,2009,NA,52,NA,30,0,0,0,
913,2009,NA,3,NA,23,0,0,0,
914,2009,NA,7,NA,75,0,0,1,
914,2010,7,12,75,82,0,0,0,
915,2009,NA,16,NA,91,0,0,1,
915,2010,16,23,91,78,0,0,0,
916,2009,NA,6,NA,38,0,0,1,
916,2010,6,8,38,45,0,0,1,
916,2011,8,11,45,66,0,0,0,
917,2009,NA,7,NA,47,0,0,1,
917,2010,7,8,47,47,0,0,1,
917,2011,8,11,47,63,0,0,0,
918,2009,NA,16,NA,17,0,0,0,
919,2009,NA,19,NA,76,0,0,0,
920,2009,NA,8,NA,81,0,0,1,
920,2010,8,10,81,73,0,0,1,
920,2011,10,13,73,88,0,0,0,
922U,2009,NA,22,NA,92,0,0,0,
922D,2009,NA,27,NA,104,0,0,0,
924,2009,NA,21,NA,69,0,0,0,
925,2009,NA,16,NA,64,0,0,0,
926,2009,NA,8,NA,67,0,0,0,
927,2009,NA,25,NA,92,0,0,0,
928,2009,NA,6,NA,32,0,0,0,
938,2010,NA,11,NA,41,0,0,0,
950,2010,NA,11,NA,75,0,0,1,
950,2011,11,20,75,90,0,0,1,
950,2012,20,23,90,68,0,0,1,
950,2013,23,20,68,70,0,0,1,
950,2014,20,16,70,66,0,0,1,
950,2015,16,2,66,89,0,0,0,"Note: ""maybe a miscount"" when referring to number of leaves"
951,2010,NA,22,NA,71,0,0,1,
951,2011,22,32,71,86,0,0,0,
952,2010,NA,9,NA,53,0,0,1,
952,2011,9,8,53,65,0,0,0,
953UR,2010,NA,16,NA,72,0,0,1,
953UR,2011,16,24,72,109,0,0,1,
953UR,2012,24,13,109,66,0,0,1,
953UR,2013,12,16,66,71,0,0,1,"Note: ""now 1036?"" but data for 953UR continues after this"
953UE,2014,16,19,71,102,0,0,0,
953M,2010,NA,13,NA,93,0,0,1,
953M,2011,13,17,93,132,0,0,0,
953DL,2010,NA,9,NA,80,0,0,1,
953DL,2011,9,13,80,123,0,0,0,
954,2010,NA,7,NA,70,0,0,1,
954,2011,7,12,70,80,0,0,0,
955,2010,NA,22,NA,101,0,0,1,
955,2011,22,28,101,129,0,0,0,
956,2010,NA,6,NA,53,0,0,1,
956,2011,6,10,53,71,0,0,1,
956,2012,10,23,71,76,0,0,0,
957,2010,NA,18,NA,50,0,0,1,
957,2011,18,22,50,85,0,0,0,
958UR,2010,NA,6,NA,57,0,0,1,
958UR,2011,6,9,57,95,0,0,1,
958UR,2012,9,16,95,75,0,0,0,
958DR,2010,NA,38,NA,110,0,0,1,
958DR,2011,38,NA,110,255,11,1,1,"1 aborted flower. No leaf count, and flowered and survived??"
958DR,2012,NA,21,255,69,0,0,0,
958DL,2010,NA,9,NA,51,0,0,1,
958DL,2011,9,13,51,88,0,0,1,
958DL,2012,13,35,88,75,0,0,0,
959,2010,NA,21,NA,56,0,0,1,
959,2011,21,23,56,68,0,0,0,
961UL,2010,NA,8,NA,46,0,0,1,
961UL,2011,8,9,46,66,0,0,1,
961UL,2012,9,12,66,70,0,0,0,
961DR,2010,NA,5,NA,36,0,0,1,
961DR,2011,5,7,36,53,0,0,1,
961DR,2012,7,7,53,50,0,0,0,
963U,2010,NA,26,NA,111,0,0,1,
963U,2011,26,23,111,111,0,0,0,
963D,2010,NA,18,NA,126,0,0,1,
963D,2011,18,NA,126,176,2,0,0,
964,2010,NA,12,NA,71,0,0,1,
964,2011,12,24,71,106,0,0,0,
965,2010,NA,14,NA,78,0,0,1,
965,2011,14,24,78,92,0,0,0,
966TA,2010,NA,9,NA,44,0,0,1,
966TA,2011,9,15,44,64,0,0,1,
966TA,2012,15,22,64,67,0,0,1,
966TA,2013,22,18,67,92,0,0,1,
966TA,2014,18,19,92,51,0,0,0,
967,2010,NA,7,NA,26,0,0,1,
967,2011,7,8,26,51,0,0,0,
968TIMUL,2010,NA,5,NA,32,0,0,1,
968TIMUL,2011,5,7,32,44,0,0,0,"""no flowers at 30.6""?"
968TIMUR,2010,NA,5,NA,30,0,0,1,
968TIMUR,2011,5,9,30,48,0,0,0,
968TIMD,2010,NA,5,NA,30,0,0,1,
968TIMD,2011,5,6,30,56,0,0,0,
969TIMUL,2010,NA,6,NA,39,0,0,1,
969TIMUL,2011,6,11,39,58,0,0,1,
969TIMUL,2012,11,13,58,67,0,0,0,
969TIMUR,2010,NA,7,NA,58,0,0,1,
969TIMUR,2011,7,8,58,75,0,0,1,
969TIMUR,2012,8,12,75,57,0,0,0,
969TIMDM,2010,NA,5,NA,26,0,0,1,
969TIMDM,2011,5,10,26,78,0,0,1,
969TIMDM,2012,10,12,78,66,0,0,0,
969TIMDL,2010,NA,8,NA,51,0,0,1,
969TIMDL,2011,8,6,51,45,0,0,0,
969TIMDL,2012,6,9,45,55,0,0,0,
969TIMDR,2010,NA,6,NA,34,0,0,1,
969TIMDR,2011,6,9,34,63,0,0,0,
970,2010,NA,26,NA,90,0,0,1,"""now tag 991"""
970,2011,26,NA,90,NA,0,0,1,
970,2012,NA,NA,NA,NA,9,0,0,
971,2010,NA,30,10,NA,0,0,1,
971,2011,30,33,10,132,0,0,1,
971,2012,33,41,132,106,0,0,0,
972,2010,NA,12,NA,62,0,0,1,
972,2011,12,23,62,91,0,0,1,
972,2012,23,26,91,70,0,0,0,
973,2010,NA,18,NA,65,0,0,0,Gophered
975TIMDL,2010,NA,10,NA,60,0,0,0,New tag 992
974TIMUR,2010,NA,9,NA,60,0,0,0,New tag 992
975,2010,NA,9,NA,51,0,0,1,
975,2011,9,12,51,69,0,0,0,
976,2010,NA,6,NA,50,0,0,0,
977,2010,NA,24,NA,74,0,0,1,
977,2011,24,NA,74,207,5,0,0,
978TIMU,2010,NA,25,NA,77,0,0,1,
978TIMU,2011,25,29,77,106,0,0,1,
978TIMU,2012,29,NA,106,NA,6,0,0,
978UR,2011,NA,12,NA,72,0,0,1,
979TIML,2010,NA,18,NA,74,0,0,1,
979TIML,2011,18,14,74,86,0,0,0,
979TIMR,2010,NA,20,NA,75,0,0,1,
979TIMR,2011,20,25,75,98,0,0,0,
980,2010,NA,10,NA,48,0,0,1,
980,2011,10,17,48,79,0,0,1,
980,2012,17,22,79,60,0,0,0,
981TIMU,2010,NA,8,NA,43,0,0,1,
981TIMU,2011,8,12,43,68,0,0,1,
981TIMU,2012,12,6,68,33,0,0,1,
981TIMU,2013,6,10,33,47,0,0,1,
981TIMU,2014,10,14,47,66,0,0,1,
981TIMU,2015,14,21,66,72,0,0,1,
981TIMU,2016,21,26,72,82,0,0,1,
981TIMU,2017,26,29,82,115,0,0,0,
981TIMD,2010,NA,5,NA,21,0,0,1,
981TIMD,2011,5,6,21,39,0,0,0,981 is now 1 plant. How do I deal with this?
982,2010,NA,6,NA,47,0,0,1,
982,2011,6,8,47,71,0,0,0,
984UTIM,2011,NA,7,NA,72,0,0,1,
984UTIM,2012,7,11,72,55,0,0,1,"Loose tag, maybe now 1036"
984UTIM,2013,11,22,55,62,0,0,1,
984UTIM,2014,22,20,62,124,0,0,1,
984UTIM,2015,20,26,124,111,0,0,1,
984UTIM,2016,26,NA,111,NA,4,0,0,"""1 seedling, tag 1082"""
984DTIM,2011,NA,12,NA,97,0,0,0,984 is now 1 plant. How should I deal with this
985,2011,NA,20,NA,90,0,0,1,
985,2012,20,24,90,85,0,0,1,
985,2013,24,33,85,60,0,0,1,
985,2014,33,44,60,10,0,0,1,
985,2015,44,NA,10,NA,8,0,0,"2016, 2017: no seedlings"
986,2011,NA,7,NA,90,0,0,1,
986,2012,7,14,90,78,0,0,1,
986,2013,14,14,78,95,0,0,1,
986,2014,14,29,95,118,0,0,1,
986,2015,29,25,118,114,0,0,0,
986DL,2015,NA,23,NA,108,0,0,1,
986DL,2016,23,29,108,135,0,0,1,
986DL,2017,29,34,135,152,0,0,1,
986DL,2018,34,NA,152,NA,9,0,0,
987,2011,NA,15,NA,101,0,0,1,
987,2012,15,24,101,79,0,0,0,
988,2011,NA,11,NA,64,0,0,1,
988,2012,11,16,64,60,0,0,1,
988,2013,16,23,60,60,0,0,1,
988,2014,23,20,60,65,0,0,1,
988,2015,20,12,65,42,0,0,1,
988,2016,12,10,42,42,0,0,1,
988,2017,10,14,42,77,0,0,1,
988,2018,14,19,77,59,0,0,0,
989TIMUR,2011,NA,5,NA,46,0,0,0,
989TIMDL,2011,NA,8,NA,48,0,0,0,
993,2012,NA,10,NA,35,0,0,1,
993,2013,10,10,35,39,0,0,1,
993,2014,10,10,39,58,0,0,1,
993,2015,10,12,58,41,0,0,0,
1020,2012,NA,26,NA,52,0,0,0,
1020,2013,26,NA,52,NA,0,0,1,
1020,2014,NA,40,NA,82,0,0,1,
1020,2015,40,NA,82,NA,7,0,0,No recruits
1021D,2012,NA,22,NA,58,0,0,1,
1021D,2013,22,17,58,55,0,0,1,
1021D,2014,17,NA,55,NA,0,0,1,
1021D,2015,NA,19,NA,132,0,0,1,
1021D,2016,19,33,132,108,0,0,0,
1023,2012,NA,18,NA,76,0,0,1,
1023,2013,18,21,76,88,0,0,1,
1023,2014,21,24,88,124,0,0,1,
1023,2015,24,24,124,114,0,0,1,
1023,2016,24,32,114,118,0,0,0,
1023DR,2015,NA,4,NA,57,0,0,1,
1023DR,2016,4,3,57,33,0,0,0,
1024,2012,NA,18,NA,68,0,0,1,
1024,2013,18,30,68,75,0,0,1,
1024,2014,30,30,75,112,0,0,1,
1024,2015,30,35,112,113,0,0,1,
1024,2016,35,42,113,116,0,0,1,
1024,2017,42,35,116,117,0,0,1,
1024,2018,35,38,117,90,0,0,1,
1024,2019,38,40,90,110,0,0,0,
1027DA,2017,NA,6,NA,25,0,0,1,
1027DA,2018,6,6,25,23,0,0,0,
1027DB,2017,NA,4,NA,10,0,0,1,
1027DB,2018,4,7,10,46,0,0,0,
1027DRA,2017,NA,4,NA,17,0,0,1,
1027DRA,2018,4,4,17,14,0,0,0,
1028,2012,NA,13,NA,60,0,0,1,
1028,2013,13,13,60,59,0,0,1,
1028,2014,13,11,59,96,0,0,1,
1028,2015,11,16,96,89,0,0,1,
1028,2016,16,19,89,102,0,0,0,2017: hole in ground
1029,2012,NA,22,NA,57,0,0,1,
1029,2013,22,21,57,75,0,0,0,
1030TIMR,2012,NA,22,NA,65,0,0,0,
1031A,2014,NA,6,NA,28,0,0,0,seedling
1032,2012,NA,33,NA,85,0,0,1,
1033,2012,NA,7,NA,42,0,0,1,
1033,2013,7,7,42,32,0,0,0,
1034,2012,NA,14,NA,51,0,0,0,
1035,2012,NA,8,NA,35,0,0,0,
1035LA,2014,NA,3,NA,10,0,0,1,
1035LA,2015,3,4,10,13,0,0,1,
1035LA,2016,4,5,13,17,0,0,1,
1035LA,2017,5,8,17,26,0,0,0,
1035RA,2014,NA,4,NA,14,0,0,1,
1035RA,2015,4,4,14,23,0,0,1,
1035RA,2016,4,6,23,35,0,0,1,
1035RB,2017,6,6,35,44,0,0,0,
1037,2013,NA,4,NA,21,0,0,0,
1039,2013,NA,17,NA,70,0,0,1,
1039,2014,17,19,70,103,0,0,1,
1039,2015,19,22,103,103,0,0,1,
1039,2016,22,21,103,102,0,0,1,
1039,2017,21,29,102,120,0,0,0,
1040,2014,NA,4,NA,30,0,0,1,
1040,2015,4,6,30,38,0,0,1,
1040,2016,6,5,38,25,0,0,1,
1040,2017,5,7,25,54,0,0,0,
1043,2014,NA,13,NA,74,0,0,1,
1043,2015,13,16,74,88,0,0,1,
1043,2016,16,16,88,79,0,0,1,
1043,2017,16,15,79,77,0,0,1,
1043,2018,15,21,77,44,0,0,1,Some herbivory
1043,2019,21,19,44,76,0,0,0,
1044,2014,NA,18,NA,81,0,0,1,
1044,2015,18,26,81,75,0,0,1,
1044,2016,26,34,75,97,0,0,0,
1045,2014,NA,10,NA,79,0,0,1,
1045,2015,10,20,79,80,0,0,0,
1045,2016,20,20,86,95,0,0,0,
1048UL,2015,NA,9,NA,76,0,0,1,
1048UL,2016,9,NA,76,NA,0,0,1,
1048UL,2017,NA,NA,NA,NA,0,0,1,
1048UL,2018,NA,NA,NA,NA,0,0,1,
1048UL,2019,NA,38,NA,135,0,0,0,Gophered
1048DR,2015,NA,5,NA,78,0,0,1,
1048DR,2016,5,8,78,71,0,0,0,
1048DR,2017,8,7,71,123,0,0,1,
1048DR,2018,7,38,123,90,0,0,1,"Note: ""mistake?"" for number of leaves"
1048DR,2019,38,18,90,107,0,0,1,Gophered
1048M,2015,NA,12,NA,89,0,0,1,
1048M,2016,12,13,89,87,0,0,1,
1048M,2017,13,19,87,106,0,0,1,
1048M,2018,19,30,106,109,0,0,1,
1048M,2019,30,30,109,110,0,0,0,Gophered
1048UR,2015,NA,5,NA,63,0,0,0,
1048MR,2015,NA,6,NA,72,0,0,1,
1048MR,2016,6,13,72,63,0,0,0,
1053,2015,NA,1,NA,3,0,0,0,Probably from 1027
1054UL,2015,NA,2,NA,5,0,0,0,Probably from 1027
1054DL,2015,NA,3,NA,9,0,0,0,Probably from 1027
1054DR,2015,NA,2,NA,8,0,0,1,Probably from 1027
1054DR,2016,2,4,8,23,0,0,1,
1054DR,2017,4,5,23,45,0,0,1,
1054DR,2018,5,4,45,24,0,0,0,
1055UL,2015,NA,3,NA,8,0,0,1,Probably from 1027
1055UL,2016,3,5,8,19,0,0,0,
1076TBUL,2016,NA,4,NA,14,0,0,1,
1076TBUL,2017,4,5,14,16,0,0,1,
1076TBUL,2018,5,5,16,17,0,0,1,
1076TBUL,2019,5,5,17,32,0,0,1,
1076TBUL,2020,5,8,32,34,0,0,0,
1076TBUR,2016,NA,3,NA,4,0,0,1,
1074TBUR,2017,3,4,4,22,0,0,1,
1074TBUR,2018,4,4,22,18,0,0,0,
1076TBRRA,2016,NA,4,NA,21,0,0,1,
1076TBRRA,2017,4,3,21,31,0,0,1,
1076TBRRA,2018,3,4,31,23,0,0,1,
1076TBRRA,2019,4,4,23,26,0,0,1,
1076TBDL,2016,NA,4,NA,11,0,0,1,
1076TBDL,2017,4,7,11,25,0,0,0,
1076TBRA,2016,NA,4,NA,14,0,0,1,
1076TBRA,2017,4,4,14,26,0,0,1,
1076TBRA,2018,4,5,26,18,0,0,0,
1076RA,2018,NA,4,NA,18,0,0,0,
1076TBURA,2016,NA,3,NA,9,0,0,0,
1079,2016,NA,13,NA,68,0,0,1,
1079,2017,13,14,68,88,0,0,0,
1083TR,2017,NA,5,NA,12,0,0,0,
1088,2017,NA,5,NA,24,0,0,0,
1089,2017,NA,8,NA,58,0,0,0,
2,1980,NA,NA,NA,NA,7,0,0,
3,1979,NA,33,NA,91,0,0,1,
3,1980,33,38,91,100,0,0,1,
3,1981,38,NA,91,NA,10,0,0,
4,1980,NA,NA,NA,NA,12,0,0,
5,1980,NA,NA,NA,NA,5,0,0,
6,1980,NA,NA,NA,NA,6,0,0,
8,1980,NA,NA,NA,NA,9,0,0,
13,1980,NA,NA,NA,NA,6,0,0,
9,1980,NA,NA,NA,NA,6,0,0,
15,1980,NA,NA,NA,NA,14,0,0,
17,1979,NA,22,NA,96,0,0,1,
17,1980,22,NA,96,NA,0,0,1,
17,1981,NA,NA,NA,NA,6,0,0,
19,1980,NA,NA,NA,NA,6,0,0,
20,1980,NA,NA,NA,NA,6,0,0,
23,1979,NA,27,NA,96,0,0,1,
23,1980,27,NA,97,NA,7,0,0,
25,1980,NA,NA,NA,NA,14,0,0,
26,1979,NA,25,NA,115,0,0,1,
26,1980,25,43,115,104,0,0,1,
26,1981,43,NA,104,NA,9,0,0,
27,1980,NA,NA,NA,NA,24,0,0,
29,1980,NA,NA,NA,NA,6,0,0,
30,1980,NA,NA,NA,NA,10,0,0,
31,1979,NA,20,NA,104,0,0,1,
31,1980,20,NA,104,NA,6,0,0,
40,1979,NA,5,NA,50,0,0,1,
40,1980,5,7,50,49,0,0,1,
40,1981,7,12,49,74,0,0,1,
40,1982,12,17,74,65,0,0,1,
40,1983,17,18,65,105,0,0,1,
40,1984,18,32,105,109,0,0,1,
40,1985,32,38,109,137,0,0,1,
40,1986,38,NA,137,NA,9,0,0,
43,1979,NA,39,NA,93,0,0,1,
43,1980,39,NA,93,NA,8,0,0,
45,1980,NA,NA,NA,NA,11,0,0,
46,1980,NA,NA,NA,NA,10,0,0,
48,1979,NA,20,NA,92,0,0,1,
48,1980,20,28,92,95,0,0,1,
48,1981,28,36,95,107,0,0,1,
48,1982,36,NA,107,NA,8,0,0,
49,1980,NA,NA,NA,NA,9,0,0,
51,1979,NA,31,NA,103,0,0,1,
51,1980,31,NA,103,NA,9,0,0,
55,1980,NA,NA,NA,NA,4,0,0,
57,1979,NA,16,NA,70,0,0,1,
57,1980,16,NA,70,NA,3,0,0,
58,1979,NA,16,NA,80,0,0,1,
58,1980,16,NA,80,NA,2,0,0,
59,1979,NA,39,NA,111,0,0,1,
59,1980,39,NA,111,NA,9,0,0,
61,1980,NA,NA,NA,NA,7,0,0,
63,1981,NA,NA,NA,NA,6,0,0,
64,1980,NA,NA,NA,NA,8,0,0,
65,1980,NA,NA,NA,NA,10,0,0,
66,1979,NA,26,NA,111,0,0,1,
66,1980,26,NA,111,NA,6,0,0,
67,1980,NA,NA,NA,NA,6,0,0,
68,1980,NA,NA,NA,NA,4,0,0,
69,1980,NA,NA,NA,NA,12,0,0,
70,1979,NA,8,NA,80,0,0,1,
70,1980,8,12,80,67,0,0,1,
70,1981,12,14,67,76,0,0,1,
70,1982,14,18,76,72,0,0,1,
70,1983,18,15,72,99,0,0,1,
70,1984,15,31,99,99,0,0,1,
70,1985,31,33,99,115,0,0,1,
70,1986,33,42,115,129,0,0,1,
70,1987,32,36,129,111,0,0,1,
70,1988,36,47,111,129,0,0,1,
70,1989,47,NA,129,NA,8,0,0,
71,1980,NA,NA,NA,NA,8,0,0,
72,1979,NA,31,NA,100,0,0,1,
72,1980,31,NA,100,NA,9,0,0,
74,1980,NA,NA,NA,NA,3,0,0,
76,1980,NA,NA,NA,NA,6,0,0,
77,1980,NA,NA,NA,NA,12,0,0,
78,1980,NA,NA,NA,NA,7,0,0,
80,1980,NA,NA,NA,NA,9,0,0,"""Check older data sheet""?"
81,1980,NA,NA,NA,NA,5,0,0,
82,1980,NA,NA,NA,NA,6,0,0,
84,1979,NA,25,NA,56,0,0,1,
84,1980,25,NA,56,NA,6,0,0,
86,1979,NA,14,NA,63,0,0,1,
86,1980,14,23,63,95,0,0,1,
86,1981,23,NA,95,NA,10,0,0,
88,1980,NA,NA,NA,NA,9,0,0,
92,1980,NA,NA,NA,NA,10,0,0,
93,1979,NA,44,NA,99,0,0,1,
93,1980,44,56,99,98,0,0,1,
93,1981,56,NA,98,NA,8,0,0,
94NS,1979,NA,18,NA,110,0,0,1,
94NS,1980,18,NA,110,NA,4,0,0,
94,1979,NA,18,NA,88,0,0,1,
94,1980,18,NA,88,NA,6,0,0,
95,1980,NA,NA,NA,NA,10,0,0,
96,1980,NA,NA,NA,NA,6,0,0,
97,1980,NA,NA,NA,NA,9,0,0,
99,1980,NA,NA,NA,NA,5,0,0,
100,1979,NA,44,NA,116,0,0,1,
100,1980,44,NA,116,NA,9,0,0,
102,1980,NA,NA,NA,NA,7,0,0,
104,1980,NA,NA,NA,NA,11,0,0,
105,1979,NA,6,NA,54,0,0,1,
105,1980,6,11,54,75,0,0,1,
105,1981,11,17,75,84,0,0,1,
105,1982,17,25,84,74,0,0,1,
105,1983,25,23,74,130,0,0,1,
105,1984,23,NA,130,NA,10,0,0,
108,1980,NA,NA,NA,NA,6,0,0,
109,1979,NA,9,NA,36,0,0,1,
109,1980,9,14,36,42,0,0,1,
109,1981,13,16,42,57,0,0,1,
109,1982,16,21,57,54,0,0,1,
109,1983,21,23,54,85,0,0,1,
109,1984,23,51,85,111,0,0,1,
109,1985,51,NA,111,NA,17,0,0,
113,1979,NA,27,NA,108,0,0,1,
113,1980,27,35,108,117,0,0,1,
113,1981,35,NA,117,NA,6,0,0,
115,1980,NA,NA,NA,NA,9,0,0,
118,1980,NA,48,NA,95,0,0,1,
118,1981,48,NA,95,NA,9,0,0,
119,1980,NA,NA,NA,NA,6,0,0,
121,1980,NA,NA,NA,NA,12,0,0,
122,1980,NA,NA,NA,NA,12,0,0,
126,1979,NA,13,NA,77,0,0,1,
126,1980,13,22,77,85,0,0,1,
126,1981,22,40,85,110,0,0,1,
126,1982,40,NA,110,NA,7,0,0,
127,1979,NA,19,NA,103,0,0,1,
127,1980,19,NA,103,NA,4,0,0,
130,1979,NA,18,NA,104,0,0,1,
130,1980,18,27,104,56,0,0,1,
130,1981,27,32,56,95,0,0,1,
130,1982,32,36,95,100,0,0,1,
130,1983,36,39,100,128,0,0,1,
130,1984,39,NA,128,NA,12,0,0,
131,1979,NA,40,NA,66,0,0,1,
131,1980,40,NA,66,NA,11,0,0,
132,1979,NA,21,NA,92,0,0,1,
132,1980,21,23,92,97,0,0,1,
132,1981,23,26,97,98,0,0,1,
132,1982,26,NA,98,NA,3,0,0,
133,1980,NA,NA,NA,NA,7,0,0,
134,1979,NA,22,NA,80,0,0,1,
134,1980,22,NA,80,NA,5,0,0,
135,1980,NA,NA,NA,NA,6,0,0,
138,1979, NA,8,NA,52,0,0,1,
138,1980,8,16,52,63,0,0,1,
138,1981,16,22,63,74,0,0,1,
138,1982,22,22,71,71,0,0,1,
138,1983,22,25,71,85,0,0,1,
138,1984,25,38,85,120,0,0,1,
138,1985,38,NA,120,NA,9,0,0,
140,1979,NA,30,NA,126,0,0,1,
140,1980,30,NA,126,NA,5,0,0,
142W,1979,NA,22,NA,85,0,0,1,
142W,1980,22,NA,85,NA,7,0,0,
142E,1979,NA,21,NA,74,0,0,1,
142E,1980,21,NA,74,NA,6,0,0,
150,1980,NA,NA,NA,NA,7,0,0,
151,1980,NA,24,NA,114,0,0,1,
151,1981,24,NA,114,NA,6,0,0,
153,1981,NA,NA,NA,NA,6,0,0,
158,1980,NA,39,NA,102,0,0,1,
158,1981,39,NA,102,NA,6,0,0,
170,1980,NA,4,NA,137,0,0,1,
170,1981,4,7,137,56,0,0,1,
170,1982,7,9,56,56,0,0,1,
170,1983,9,8,56,58,0,0,1,
170,1984,8,14,58,101,0,0,1,
170,1985,14,20,101,74,0,0,1,
170,1986,20,25,74,76,0,0,1,
170,1987,25,26,76,83,0,0,1,
170,1988,26,27,83,102,0,0,1,
170,1989,27,36,102,92,0,0,1,
170,1990,36,95,92,122,0,0,1,
170,1991,95,NA,122,NA,10,1,0,
171,1980,NA,5,NA,37,0,0,1,
171,1981,5,5,37,45,0,0,1,
171,1982,5,9,45,45,0,0,1,
171,1983,9,5,45,68,0,0,1,
171,1984,5,12,68,67,0,0,1,
171,1985,12,14,67,84,0,0,1,
171,1986,14,17,84,72,0,0,1,
171,1987,17,13,72,33,0,0,1,
171,1988,13,19,33,108,0,0,1,
171,1989,19,22,108,88,0,0,1,
171,1990,22,23,88,111,0,0,1,
171,1991,23,NA,111,NA,3,1,0,1 eaten bud
178,1980,NA,4,NA,31,0,0,1,
178,1981,4,9,31,44,0,0,1,
178,1982,9,11,44,36,0,0,1,
178,1983,11,9,36,43,0,0,1,
178,1984,9,15,43,70,0,0,1,
178,1985,15,22,70,71,0,0,1,
178,1986,22,30,71,77,0,0,1,
178,1987,30,30,77,71,0,0,1,
178,1988,30,36,71,79,0,0,1,
178,1989,36,30,79,75,0,0,1,
178,1990,30,42,75,102,0,0,1,
178,1991,42,NA,102,NA,6,1,0,
180,1980,NA,4,NA,32,0,0,1,
180,1981,4,6,32,42,0,0,1,
180,1982,6,5,42,60,0,0,1,
180,1983,5,7,60,72,0,0,1,
180,1984,7,11,72,82,0,0,1,
180,1985,11,21,82,NA,0,0,1,
180,1986,21,29,NA,108,0,0,1,
180,1987,29,30,108,93,0,0,1,
180,1988,30,NA,93,NA,6,0,0,
181,1980,NA,6,NA,22,0,0,1,
181,1981,6,9,22,42,0,0,1,
181,1982,9,10,42,45,0,0,1,
181,1983,10,10,45,67,0,0,1,
181,1984,10,16,67,91,0,0,1,
181,1985,16,26,91,91,0,0,1,
181,1986,26,31,91,96,0,0,1,
181,1987,21,30,96,93,0,0,1,
181,1988,30,NA,93,NA,6,0,0,
184,1980,NA,5,NA,23,0,0,1,
184,1981,5,8,23,34,0,0,1,
184,1982,8,8,34,44,0,0,1,
184,1983,8,9,44,64,0,0,1,
184,1984,9,14,64,69,0,0,1,
184,1985,14,15,69,78,0,0,1,
184,1986,15,21,78,80,0,0,1,
184,1987,21,NA,80,NA,0,0,1,
184,1988,NA,27,NA,115,0,0,1,
184,1989,27,NA,115,NA,6,0,0,
190,1980,NA,6,NA,25,0,0,1,
190,1981,6,9,25,43,0,0,1,
190,1982,9,9,43,51,0,0,1,
190,1983,9,13,51,81,0,0,1,
190,1984,13,17,81,109,0,0,1,
190,1985,17,28,109,105,0,0,1,
190,1986,28,39,105,110,0,0,1,
190,1987,39,34,110,110,0,0,1,
190,1988,34,46,110,141,11,0,0,
227,1981,NA,7,NA,36,0,0,1,
227,1982,7,7,36,44,0,0,1,
227,1983,7,5,44,70,0,0,1,
227,1984,5,10,70,71,0,0,1,
227,1985,10,13,71,102,0,0,1,
227,1986,13,15,102,102,0,0,1,
227,1987,15,19,102,100,0,0,1,
227,1988,19,27,100,104,0,0,1,
227,1989,27,32,104,93,0,0,1,
227,1990,32,39,93,115,0,0,1,
227,1991,39,NA,115,NA,6,0,0,
241,1981,NA,10,NA,44,0,0,1,
241,1982,10,10,44,39,0,0,1,
241,1983,10,10,39,92,0,0,1,
241,1984,10,22,92,106,0,0,1,
241,1985,22,33,106,117,0,0,1,
241,1986,33,47,117,108,0,0,1,
241,1987,47,46,108,80,0,0,1,
241,1988,46,48,80,115,0,0,1,
241,1989,48,NA,115,NA,13,0,0,
244,1981,NA,8,NA,31,0,0,1,
244,1982,8,7,31,28,0,0,1,
244,1983,7,8,28,60,0,0,1,
244,1984,8,12,60,66,0,0,1,
244,1985,12,16,66,85,0,0,1,
244,1986,16,18,85,106,0,0,1,
244,1987,18,NA,106,NA,0,0,1,
244,1988,NA,28,NA,121,0,0,1,
244,1989,28,44,121,115,0,0,1,
244,1990,44,35,115,117,0,0,1,
244,1991,35,44,117,116,0,0,1,
244,1992,44,43,116,122,0,0,1,
244,1993,43,NA,122,NA,9,0,0,
245,1981,NA,17,NA,64,0,0,1,
245,1982,17,19,64,71,0,0,1,
245,1983,19,25,71,115,0,0,1,
245,1984,25,39,115,129,0,0,1,
245,1985,39,NA,129,NA,12,0,0,
247,1981,NA,16,NA,83,0,0,1,
247,1982,16,25,83,61,0,0,1,
247,1983,25,27,61,98,0,0,1,
247,1984,27,36,98,93,0,0,1,
247,1985,27,47,93,112,0,0,1,
247,1986,47,NA,112,NA,7,0,0,
248,1981,NA,8,NA,42,0,0,1,
248,1982,8,8,42,32,0,0,1,
248,1983,8,9,32,43,0,0,1,
248,1984,9,14,43,62,0,0,1,
248,1985,14,19,62,63,0,0,1,
248,1986,19,20,63,68,0,0,1,
248,1987,20,18,68,65,0,0,1,
248,1988,18,24,65,87,0,0,1,
248,1989,24,25,87,66,0,0,1,
248,1990,25,25,66,82,0,0,1,
248,1991,25,28,82,79,0,0,1,
248,1992,28,25,79,83,0,0,1,
248,1994,25,NA,83,NA,3,2,0,
252,1981,NA,30,NA,109,0,0,1,
252,1982,30,NA,109,NA,9,0,0,
261,1982,NA,12,NA,42,0,0,1,
261,1983,12,10,42,52,0,0,1,
261,1984,10,20,52,102,0,0,1,
261,1985,20,35,102,82,0,0,1,
261,1986,35,40,82,90,0,0,1,
261,1987,40,43,90,90,0,0,1,
261,1988,43,62,90,129,0,0,1,
261,1989,62,NA,129,NA,18,0,0,
271,1982,NA,4,NA,15,0,0,1,
271,1983,4,4,15,21,0,0,1,
271,1984,4,5,21,38,0,0,1,
271,1985,5,6,38,45,0,0,1,
271,1986,6,6,45,52,0,0,1,
271,1987,6,6,52,61,0,0,1,
271,1988,6,5,61,62,0,0,1,
271,1989,5,9,62,54,0,0,1,
271,1990,9,5,54,27,0,0,1,Leaf chewed
271,1991,5,5,27,25,0,0,1,
271,1992,5,5,25,33,0,0,1,
271,1993,5,NA,33,NA,6,0,0,
289,1982,NA,17,NA,59,0,0,1,
289,1983,17,19,59,86,0,0,1,
289,1984,19,26,86,82,0,0,1,
289,1985,26,31,82,100,0,0,1,
289,1986,31,35,100,102,0,0,1,
289,1987,35,NA,102,NA,6,0,0,
290,1982,NA,13,NA,50,0,0,1,
290,1983,13,13,50,74,0,0,1,
290,1984,13,19,74,56,0,0,1,
290,1985,19,29,56,95,0,0,1,
290,1986,29,32,95,92,0,0,1,
290,1987,32,36,92,92,0,0,1,
290,1988,36,44,92,113,0,0,1,
290,1989,44,NA,113,NA,8,0,0,
291LD,1983,NA,10,NA,56,0,0,1,
291LD,1984,10,13,56,62,0,0,1,
291LD,1985,13,18,62,82,0,0,1,
291LD,1986,18,23,82,62,0,0,1,
291LD,1987,23,17,62,58,0,0,1,
291LD,1988,17,27,58,91,0,0,1,
291LD,1989,27,27,91,70,0,0,1,
291LD,1990,27,25,70,111,0,0,1,
291LD,1991,25,NA,111,NA,3,1,0,
297,1982,NA,9,NA,50,0,0,1,
297,1983,9,8,50,72,0,0,1,
297,1984,8,11,72,79,0,0,1,
297,1985,11,15,79,83,0,0,1,
297,1986,15,18,83,75,0,0,1,
297,1987,18,17,75,80,0,0,1,
297,1988,18,25,80,94,0,0,1,
297,1989,25,26,94,75,0,0,1,
297,1990,26,27,75,110,0,0,1,
297,1991,27,30,110,95,0,0,1,
297,1992,30,29,95,81,0,0,1,
297,1993,29,32,81,102,0,0,1,
297,1994,32,NA,102,NA,4,0,0,
299,1982,NA,16,NA,60,0,0,1,
299,1983,16,14,60,92,0,0,1,
299,1984,14,25,92,93,0,0,1,
299,1985,25,28,93,102,0,0,1,
299,1986,28,34,102,103,0,0,1,
299,1987,34,NA,103,NA,8,0,0,
300,1982,NA,10,NA,56,0,0,1,
300,1983,10,11,56,86,0,0,1,
300,1984,11,16,86,112,0,0,1,
300,1985,16,20,112,115,0,0,1,
300,1986,20,24,115,110,0,0,1,
300,1987,24,21,110,97,0,0,1,
300,1988,21,38,97,116,0,0,1,
300,1989,38,NA,116,NA,7,0,0,
301,1982,NA,12,NA,50,0,0,1,
301,1983,12,12,50,80,0,0,1,
301,1984,12,22,80,110,0,0,1,
301,1985,22,38,110,118,0,0,1,
301,1986,38,NA,118,NA,9,0,0,
302,1982,NA,7,NA,50,0,0,1,
302,1983,7,9,50,65,0,0,1,
302,1984,9,13,65,62,0,0,1,
302,1985,13,13,62,83,0,0,1,
302,1986,13,17,83,86,0,0,1,
302,1987,17,19,86,87,0,0,1,
302,1988,19,20,87,105,0,0,1,
302,1989,20,21,105,111,0,0,1,
302,1990,21,25,111,129,0,0,1,
302,1991,25,NA,129,NA,5,0,0,
309,1984,NA,7,NA,47,0,0,1,
309,1985,7,9,47,62,0,0,1,
309,1986,9,13,62,80,0,0,1,
309,1987,13,15,80,92,0,0,1,
309,1988,15,18,92,125,0,0,1,
309,1989,18,26,125,121,0,0,1,
309,1990,26,28,121,165,0,0,1,
309,1991,28,NA,165,NA,6,1,0,
310,1982,NA,17,NA,68,0,0,1,
310,1983,17,19,68,101,0,0,1,
310,1984,19,NA,101,NA,9,0,0,
311,1982,NA,8,NA,38,0,0,1,
311,1983,8,11,38,63,0,0,1,
311,1984,11,15,63,100,0,0,1,
311,1985,15,35,100,97,0,0,1,
311,1986,35,49,97,108,0,0,1,
311,1987,49,NA,108,NA,0,0,1,
311,1988,NA,60,NA,119,0,0,1,
311,1989,60,NA,119,NA,15,0,0,
316,1982,NA,7,NA,32,0,0,1,
316,1983,7,5,32,32,0,0,1,
316,1984,5,8,32,23,0,0,1,
316,1985,8,12,23,60,0,0,1,
316,1986,12,13,60,75,0,0,1,
316,1987,13,16,75,60,0,0,1,
316,1988,16,17,60,101,0,0,1,
316,1989,17,23,101,76,0,0,1,
317,1990,23,26,76,115,0,0,1,
317,1991,26,37,115,102,0,0,1,
317,1992,37,38,102,110,0,0,1,
317,1993,38,NA,110,NA,9,0,0,
318,1982,NA,7,NA,40,0,0,1,
318,1983,7,7,40,48,0,0,1,
318,1984,7,10,48,57,0,0,1,
318,1985,10,13,57,69,0,0,1,
318,1986,13,16,69,86,0,0,1,
318,1987,16,NA,86,NA,0,0,1,
318,1988,NA,18,NA,107,0,0,1,
318,1989,18,25,107,92,0,0,1,
318,1990,25,28,92,133,0,0,1,
318,1991,28,NA,133,NA,6,2,0,
322,1982,NA,4,NA,18,0,0,0,
322,1983,4,3,18,23,0,0,1,
322,1984,3,NA,23,NA,0,0,1,
322,1985,NA,NA,NA,NA,0,0,1,
322,1986,NA,7,NA,63,0,0,1,
322,1987,7,9,63,27,0,0,1,
322,1988,9,10,27,78,0,0,1,
322,1989,10,14,78,70,0,0,1,
322,1990,14,16,70,92,0,0,1,
322,1991,16,23,92,92,0,0,1,
322,1992,23,25,92,100,0,0,1,
322,1993,25,27,100,117,0,0,1,
322,1994,27,NA,117,NA,6,0,0,
324,1982,NA,11,NA,40,0,0,1,
324,1983,11,11,40,63,0,0,1,
324,1984,11,19,63,94,0,0,1,
324,1985,19,32,94,110,0,0,1,
324,1986,32,NA,110,NA,8,0,0,
335,1982,NA,9,NA,60,0,0,1,
335,1983,9,10,60,89,0,0,1,
335,1984,10,NA,89,NA,0,0,1,
335,1985,NA,NA,NA,NA,0,0,1,
335,1986,NA,NA,NA,NA,0,0,1,
335,1987,NA,13,NA,79,0,0,1,
335,1988,13,22,79,73,0,0,1,
335,1989,22,34,73,80,0,0,1,
335,1990,34,NA,80,NA,7,0,0,
345D,1983,NA,4,NA,17,0,0,1,Seedling
345D,1984,4,6,17,35,0,0,1,
345D,1985,6,7,35,46,0,0,1,
345D,1986,7,6,46,52,0,0,1,
345D,1987,6,7,52,44,0,0,1,
345D,1988,7,8,44,79,0,0,1,
345D,1989,8,11,79,66,0,0,1,
345D,1990,11,17,66,91,0,0,1,
345D,1991,17,18,91,98,0,0,1,
345D,1992,18,20,98,93,0,0,1,
345D,1993,20,19,93,95,0,0,1,
345D,1994,19,18,95,91,0,0,1,
345D,1995,18,NA,91,NA,4,0,0,
349,1982,NA,7,NA,30,0,0,1,
349,1983,7,9,30,62,0,0,1,
349,1984,9,16,62,71,0,0,1,
349,1985,16,20,71,76,0,0,1,
349,1986,20,20,76,82,0,0,1,
349,1987,20,29,82,130,0,0,1,
349,1988,29,NA,130,NA,8,0,0,
352,1983,NA,5,NA,35,0,0,1,
352,1984,5,NA,35,NA,0,0,1,
352,1985,NA,10,NA,38,0,0,1,
352,1986,10,NA,38,NA,0,0,1,
352,1987,NA,7,NA,32,0,0,1,
352,1988,7,10,32,63,0,0,1,
352,1989,10,NA,63,NA,0,0,1,
352,1990,NA,NA,NA,NA,0,0,1,
352,1991,NA,27,NA,88,0,0,1,
352,1992,27,34,88,116,0,0,1,
352,1993,34,NA,116,NA,7,2,0,
355,1983,NA,5,NA,52,0,0,1,
355,1984,5,14,52,69,0,0,1,
355,1985,14,24,69,85,0,0,1,
355,1986,24,28,85,91,0,0,1,
355,1987,38,26,91,80,0,0,1,
355,1988,26,NA,80,NA,6,0,0,
363,1983,NA,9,NA,60,0,0,1,
363,1984,9,16,60,66,0,0,1,
363,1985,16,25,66,80,0,0,1,
363,1986,25,29,80,91,0,0,1,
363,1987,29,30,91,81,0,0,1,
363,1988,30,32,81,115,0,0,1,
363,1989,32,NA,115,NA,7,0,0,
372,1984,NA,8,NA,58,0,0,1,
372,1985,8,11,58,61,0,0,1,
372,1986,11,18,61,73,0,0,1,
372,1987,18,23,73,75,0,0,1,
372,1988,23,31,75,108,0,0,1,
372,1989,31,38,108,81,0,0,1,
372,1990,38,57,81,123,0,0,1,
372,1991,57,NA,123,NA,15,1,0,6 buds eaten
377L,1984,NA,6,NA,41,0,0,1,
377L,1985,6,7,41,61,0,0,1,
377L,1986,7,10,61,62,0,0,1,
377L,1987,10,NA,62,NA,0,0,1,
377L,1988,NA,8,NA,84,0,0,1,
377L,1989,8,16,84,70,0,0,1,
377L,1990,16,16,70,117,0,0,1,
377L,1991,16,24,118,111,0,0,1,
377L,1992,24,28,111,134,0,0,1,
377L,1993,28,29,134,132,0,0,1,
377L,1994,29,NA,132,NA,6,0,0,
381,1984,NA,7,NA,38,0,0,1,
381,1985,7,10,38,48,0,0,1,
381,1986,10,9,48,47,0,0,1,
381,1987,9,12,47,70,0,0,1,
381,1988,12,14,70,90,0,0,1,
381,1989,14,34,90,69,0,0,1,
381,1990,34,30,69,115,0,0,1,
381,1991,30,38,115,95,0,0,1,
381,1992,38,36,95,104,0,0,1,
381,1993,36,46,104,111,0,0,1,
381,1994,46,NA,111,NA,10,0,0,
396,1984,NA,6,NA,14,0,0,1,
396,1985,6,5,14,30,0,0,1,
396,1986,5,5,30,32,0,0,1,
396,1987,5,5,32,40,0,0,1,
396,1988,5,6,40,54,0,0,0,
401U,1985,NA,6,NA,24,0,0,1,
401U,1986,6,7,24,35,0,0,1,
401U,1987,7,6,35,42,0,0,1,
401U,1988,6,9,42,51,0,0,1,
401U,1989,9,12,51,52,0,0,1,
401U,1990,12,12,52,87,0,0,1,
401U,1991,12,22,87,96,0,0,1,
401U,1992,22,25,96,122,0,0,1,
401U,1993,25,23,122,130,0,0,1,
401U,1994,23,NA,130,NA,6,0,0,
401M,1985,NA,7,NA,42,0,0,1,
401M,1986,7,7,42,37,0,0,1,
401M,1987,7,8,37,36,0,0,1,
401M,1988,8,10,36,52,0,0,1,
401M,1989,10,13,52,52,0,0,1,
401M,1990,13,14,52,90,0,0,1,
401M,1991,14,23,90,103,0,0,1,
401M,1992,23,29,103,116,0,0,1,
401M,1993,29,31,116,136,0,0,1,
401M,1994,31,NA,136,NA,7,1,0,
401D,1985,NA,6,NA,23,0,0,1,
401D,1986,6,6,23,50,0,0,1,
401D,1987,6,7,50,43,0,0,1,
401D,1988,7,12,43,58,0,0,1,
401D,1989,12,14,58,55,0,0,1,
401D,1990,14,15,55,88,0,0,1,
401D,1991,15,27,88,112,0,0,1,
401D,1992,27,39,112,110,0,0,1,
401D,1993,39,46,110,150,0,0,1,
401D,1994,46,NA,150,NA,13,0,0,
418,1984,NA,7,NA,41,0,0,1,
418,1985,7,9,41,53,0,0,1,
418,1986,9,13,53,51,0,0,1,
418,1987,13,14,51,70,0,0,1,
418,1988,14,13,70,68,0,0,1,
418,1989,13,21,68,66,0,0,1,"Note: LLL says 668mm, obviously a misinput"
418,1990,21,23,66,96,0,0,1,
418,1991,23,30,96,86,0,0,1,
418,1992,30,37,86,109,0,0,1,
418,1993,37,NA,109,NA,13,0,0,
419,1984,NA,8,NA,38,0,0,1,
419,1985,8,8,38,61,0,0,1,
419,1986,8,12,61,66,0,0,1,
419,1987,12,11,66,74,0,0,1,
419,1988,11,14,74,81,0,0,1,
419,1989,14,17,81,83,0,0,1,
419,1990,17,17,83,129,0,0,1,
419,1991,17,NA,129,NA,4,0,0,
424,1984,NA,12,NA,44,0,0,1,
424,1985,12,16,44,50,0,0,1,
424,1986,16,17,50,52,0,0,1,
424,1987,17,14,52,52,0,0,1,
424,1988,14,18,52,77,0,0,1,
424,1989,18,27,77,59,0,0,1,
424,1990,27,34,59,101,0,0,1,
424,1991,34,NA,101,NA,5,3,0,
426U,1984,NA,8,NA,40,0,0,1,
426U,1985,8,15,40,65,0,0,1,
426U,1986,15,24,65,66,0,0,1,
426U,1987,24,26,66,65,0,0,1,
426U,1988,26,31,65,104,0,0,1,
426U,1989,31,42,104,87,0,0,1,
426U,1990,42,45,87,115,0,0,1,
426U,1991,45,NA,115,NA,9,1,0,
426D,1984,NA,5,NA,38,0,0,1,
426D,1985,5,10,38,54,0,0,1,
426D,1986,10,19,54,60,0,0,1,
426D,1987,19,22,60,70,0,0,1,
426D,1988,22,22,70,83,0,0,1,
426D,1989,22,26,83,72,0,0,1,
426D,1990,26,30,72,100,0,0,1,
426D,1991,30,30,100,86,0,0,1,
426D,1992,30,29,86,93,0,0,1,
426D,1993,29,NA,93,NA,7,1,0,
427R,1988,NA,23,NA,108,0,0,1,
427R,1989,23,NA,108,NA,6,0,0,
433,1984,NA,4,NA,26,0,0,1,
433,1985,4,6,26,47,0,0,1,
433,1986,6,7,47,48,0,0,1,
433,1987,7,9,48,58,0,0,1,
433,1988,9,8,58,53,0,0,1,
433,1989,8,8,53,59,0,0,1,
433,1990,8,9,59,77,0,0,1,
433,1991,9,10,77,66,0,0,1,
433,1992,10,10,66,75,0,0,1,
433,1993,10,8,75,61,0,0,1,
433,1994,8,8,61,57,0,0,1,
433,1995,8,9,57,58,0,0,1,
433,1996,9,12,58,57,0,0,1,
433,1997,12,19,57,77,0,0,1,
433,1998,19,NA,77,NA,4,0,0,
435,1984,NA,7,NA,28,0,0,1,
435,1985,7,9,28,53,0,0,1,
435,1986,9,15,53,50,0,0,1,
435,1987,15,14,50,60,0,0,1,
435,1988,14,27,60,74,0,0,1,
435,1989,27,33,74,70,0,0,1,
435,1990,33,37,70,95,0,0,1,
435,1991,37,NA,95,NA,10,1,0,2 eaten buds
442,1984,NA,5,NA,17,0,0,1,
442,1985,5,8,17,35,0,0,1,
442,1986,8,9,35,40,0,0,1,
442,1987,9,11,40,50,0,0,1,
442,1988,11,17,50,65,0,0,1,
442,1989,17,24,65,71,0,0,1,
442,1990,24,36,71,97,0,0,1,
442,1991,36,NA,97,NA,7,2,0,2 eaten buds
448,1985,NA,12,NA,76,0,0,1,
448,1986,12,13,76,74,0,0,1,
448,1987,13,17,74,42,0,0,1,
448,1988,17,22,42,100,0,0,1,
448,1989,22,27,100,78,0,0,1,
448,1990,27,34,78,113,0,0,1,
448,1991,34,NA,113,NA,7,0,0,
452A,1988,NA,20,NA,56,0,0,1,
452A,1989,30,32,56,51,0,0,1,
452A,1990,32,43,51,91,0,0,1,
452A,1991,43,NA,91,NA,13,0,0,
454,1985,NA,9,NA,32,0,0,1,
454,1986,9,9,32,38,0,0,1,
454,1987,9,12,38,37,0,0,1,
454,1988,12,12,37,53,0,0,1,
454,1989,12,13,53,42,0,0,1,
454,1990,13,16,42,60,0,0,1,
454,1991,16,18,60,58,0,0,1,
454,1992,18,20,58,85,0,0,1,
454,1993,20,NA,85,NA,6,0,0,
465,1985,NA,8,NA,15,0,0,1,
465,1986,8,5,15,35,0,0,1,
465,1987,5,7,35,32,0,0,1,
465,1988,7,8,32,42,0,0,1,
465,1989,8,11,42,33,0,0,1,
465,1990,11,11,33,68,0,0,1,
465,1991,11,21,68,67,0,0,1,
465,1992,21,30,67,84,0,0,1,
465,1993,30,31,84,95,0,0,1,
465,1994,31,NA,95,NA,11,0,0,
470DR,1988,NA,9,NA,70,0,0,1,
470DR,1989,9,13,70,60,0,0,1,
470DR,1990,13,15,60,92,0,0,1,
470DR,1991,15,23,92,90,0,0,1,Number of leaves in 223. Misinput here
470DR,1992,23,27,90,103,0,0,1,
470DR,1993,27,31,103,110,0,0,1,
470DR,1994,31,NA,110,NA,6,0,0,
473,1987,NA,6,NA,38,0,0,1,
473,1988,6,12,38,61,0,0,1,
473,1989,12,17,61,61,0,0,1,
473,1990,17,23,61,82,0,0,1,
473,1991,23,34,82,80,0,0,1,
473,1992,34,39,80,94,0,0,1,
473,1993,39,46,94,104,0,0,1,
473,1994,46,NA,104,NA,11,0,0,
478,1987,NA,8,NA,55,0,0,1,
478,1988,8,12,55,82,0,0,1,
478,1989,12,23,82,105,0,0,1,
478,1990,23,31,105,141,0,0,1,
478,1991,31,54,141,123,0,0,1,
478,1992,54,NA,123,NA,10,0,0,
479,1987,NA,16,NA,68,0,0,1,
479,1988,16,23,68,101,0,0,1,
479,1989,23,32,101,94,0,0,1,
479,1990,32,38,94,120,0,0,1,
479,1991,38,NA,120,NA,7,0,0,"Note: ""3 flowers gone,"" not sure if this means eaten?"
485,1988,NA,12,NA,65,0,0,1,
485,1989,12,22,65,74,0,0,1,
485,1990,22,20,74,114,0,0,1,
485,1991,20,44,114,97,0,0,1,
485,1992,44,45,97,128,0,0,1,
485,1993,45,NA,128,NA,10,0,0,
496,1988,NA,5,NA,67,0,0,1,
496,1989,5,12,67,57,0,0,1,
496,1990,12,11,57,86,0,0,1,
496,1991,11,15,86,79,0,0,1,
496,1992,15,20,79,90,0,0,1,
496,1993,20,25,90,91,0,0,1,
496,1994,25,NA,91,NA,1,0,0,
499,1988,NA,10,NA,67,0,0,1,
499,1989,10,20,67,55,0,0,1,
499,1990,20,23,55,115,0,0,1,
499,1991,23,36,115,92,0,0,1,
499,1992,36,46,92,117,0,0,1,
499,1993,46,NA,117,NA,9,0,0,
503,1988,NA,6,NA,55,0,0,1,
503,1989,6,11,55,44,0,0,1,
503,1990,11,15,44,70,0,0,1,
503,1991,15,16,70,63,0,0,1,
503,1992,16,20,63,90,0,0,1,
503,1993,20,25,90,78,0,0,1,
503,1994,25,16,78,80,0,0,1,
503,1995,16,36,80,82,0,0,1,
503,1996,36,NA,82,NA,4,0,0,
505,1988,NA,8,NA,26,0,0,1,
505,1989,8,8,26,41,0,0,1,
505,1990,8,11,41,63,0,0,1,
505,1991,11,13,63,67,0,0,1,
505,1992,13,14,67,91,0,0,1,
505,1993,14,16,91,89,0,0,1,
505,1994,16,13,89,98,0,0,1,
505,1995,13,NA,98,NA,4,1,0,
526,1988,NA,10,NA,53,0,0,1,
526,1989,10,15,53,46,0,0,1,
526,1990,15,17,46,65,0,0,1,
526,1991,17,19,65,68,0,0,1,
526,1992,19,21,68,86,0,0,1,
526,1993,21,29,86,83,0,0,1,
526,1994,29,32,83,83,0,0,1,
526,1995,32,38,83,91,0,0,1,
526,1996,38,NA,91,NA,5,2,0,
528,1988,NA,18,NA,65,0,0,1,
528,1989,18,28,65,71,0,0,1,
528,1990,28,28,71,86,0,0,1,
528,1991,28,28,86,73,0,0,1,
528,1992,28,34,73,94,0,0,1,
528,1993,34,NA,94,NA,8,0,0,
529,1988,NA,34,NA,109,0,0,1,
529,1989,34,43,109,105,0,0,1,
529,1990,43,49,105,126,0,0,1,
529,1991,49,NA,126,NA,13,0,0,
530,1988,NA,13,NA,69,0,0,1,
530,1989,13,19,69,76,0,0,1,
530,1990,19,25,76,114,0,0,1,
530,1991,25,36,114,101,0,0,1,
530,1992,36,39,101,115,0,0,1,
530,1993,39,NA,115,NA,10,0,0,
533,1988,NA,5,NA,19,0,0,1,
533,1989,5,5,19,23,0,0,1,
533,1990,5,6,23,39,0,0,1,
533,1991,6,8,39,51,0,0,1,
533,1992,8,8,51,69,0,0,1,
533,1993,8,10,69,77,0,0,1,
533,1994,10,11,77,90,0,0,1,
533,1995,11,16,90,84,0,0,1,
533,1996,16,27,84,110,0,0,1,
533,1997,27,44,110,120,0,0,1,
533,1998,44,NA,120,NA,14,0,0,
536,1988,NA,15,NA,67,0,0,1,
536,1989,15,22,67,82,0,0,1,
536,1990,22,25,82,97,0,0,1,
536,1991,25,37,97,94,0,0,1,
536,1992,37,39,94,103,0,0,1,
536,1993,39,48,103,120,0,0,1,
536,1994,48,NA,120,NA,11,0,0,
537,1988,NA,6,NA,18,0,0,1,
537,1989,6,6,18,20,0,0,1,
537,1990,6,8,20,37,0,0,1,
537,1991,8,9,37,33,0,0,1,
537,1992,9,12,33,48,0,0,1,
537,1993,12,12,48,56,0,0,1,
537,1994,12,14,56,49,0,0,1,
537,1995,14,18,49,56,0,0,1,
537,1996,18,20,56,60,0,0,1,
537,1997,20,25,60,75,0,0,1,
537,1998,25,NA,75,NA,5,0,0,
538,1988,NA,17,NA,59,0,0,1,
538,1989,17,22,59,62,0,0,1,
538,1990,22,30,62,83,0,0,1,
538,1991,30,36,83,86,0,0,1,
538,1992,36,41,86,106,0,0,1,
538,1993,41,NA,106,NA,11,0,0,
540,1988,NA,17,NA,75,0,0,1,
540,1989,17,25,75,86,0,0,1,
540,1990,25,29,86,110,0,0,1,
540,1991,29,35,110,114,0,0,1,
540,1992,35,49,114,127,0,0,1,
540,1993,49,NA,127,NA,0,4,0,
546,1989,NA,17,NA,75,0,0,1,
546,1990,17,20,75,108,0,0,1,
546,1991,20,29,108,106,0,0,1,
546,1992,29,38,106,101,0,0,1,
546,1993,38,NA,101,NA,8,1,0,
548,1989,NA,17,NA,84,0,0,1,
548,1990,17,17,84,116,0,0,1,
548,1991,17,31,116,105,0,0,1,
548,1992,31,40,105,117,0,0,1,
548,1993,40,48,117,131,0,0,1,
548,1994,48,NA,131,NA,9,0,0,
554,1990,NA,33,NA,121,0,0,1,
554,1991,33,NA,121,NA,6,2,0,
565,1990,NA,16,NA,80,0,0,1,
565,1991,16,20,80,75,0,0,1,
565,1992,20,21,75,96,0,0,1,
565,1993,21,27,96,95,0,0,1,
565,1994,27,20,95,105,0,0,1,
565,1995,20,NA,105,NA,6,0,0,
556UR,1990,NA,19,NA,115,0,0,1,
556UR,1991,19,27,115,89,0,0,1,LLL is 889. Misinput. Guessing 89 7/6/26
556UR,1992,27,26,89,115,0,0,1,
556UR,1993,26,33,115,112,0,0,1,
556UR,1994,33,NA,112,NA,9,0,0,
569,1990,NA,30,NA,127,0,0,1,
569,1991,30,NA,127,NA,6,1,0,
575U,1992,NA,14,NA,65,0,0,1,
575U,1993,14,17,65,68,0,0,1,
575U,1994,17,13,68,80,0,0,1,
575U,1995,13,22,80,79,0,0,1,
575U,1996,22,NA,79,NA,2,1,0,
586TIMU,2003,NA,21,NA,126,0,0,1,
586TIMU,2004,21,NA,126,NA,6,1,0,
593,1992,NA,19,NA,81,0,0,1,
593,1993,19,27,81,79,0,0,1,
593,1994,27,NA,79,NA,6,0,0,
597,1992,NA,8,NA,58,0,0,1,
597,1993,8,10,58,63,0,0,1,
597,1994,10,8,63,65,0,0,1,
597,1995,8,14,65,72,0,0,1,
597,1996,14,17,72,86,0,0,1,
597,1997,17,20,86,95,0,0,1,
597,1998,20,NA,85,NA,4,0,0,
602TR,1997,NA,13,NA,62,0,0,1,
602TR,1998,13,19,62,95,0,0,1,
602TR,1999,19,30,95,102,0,0,1,
602TR,2000,30,23,102,130,0,0,1,
602TR,2001,23,38,130,145,0,0,1,
602TR,2002,38,NA,145,NA,6,0,0,1 broken stem
616,1993,NA,9,NA,49,0,0,1,
616,1994,9,8,49,51,0,0,1,
616,1995,8,12,51,61,0,0,1,
616,1996,12,12,61,64,0,0,1,
616,1997,12,18,64,92,0,0,1,
616,1998,18,28,92,110,0,0,1,
616,1999,28,39,110,87,0,0,1,
616,2000,39,34,87,116,0,0,1,
616,2001,34,50,116,108,0,0,1,
616,2002,50,NA,108,NA,8,1,0,
619,1993,NA,13,NA,67,0,0,1,
619,1994,13,13,67,73,0,0,1,
619,1995,13,19,73,62,0,0,1,
619,1996,19,23,62,100,0,0,1,
619,1997,23,NA,100,NA,6,0,0,
634,1995,NA,10,NA,57,0,0,1,
634,1996,10,14,57,80,0,0,1,
634,1997,14,28,80,80,0,0,1,
634,1998,28,42,80,120,0,0,1,
634,1999,42,47,120,105,0,0,1,
634,2000,47,43,105,113,0,0,1,
634,2001,43,NA,113,NA,4,0,0,
723,2001,NA,45,NA,118,0,0,1,
723,2002,45,NA,118,NA,10,0,0,1 broken stem
729,2002,NA,NA,NA,NA,14,0,0,
746L,2003,NA,24,NA,109,0,0,1,
746L,2004,24,NA,109,NA,1,0,0,
772,2003,NA,9,NA,49,0,0,1,
772,2004,9,12,49,62,0,0,1,
772,2005,12,12,62,60,0,0,1,
772,2006,12,14,60,78,0,0,1,
772,2007,14,16,78,88,0,0,1,
772,2008,16,28,88,97,0,0,1,
772,2009,28,NA,97,NA,0,0,1,
772,2010,NA,36,NA,95,0,0,1,
772,2011,36,NA,95,NA,0,7,0,"LLL is 229, but this seems too big and out of the ordinary for data, confirmed on paper 7/13/26"
773U,2003,NA,34,NA,85,0,0,1,
773U,2004,34,NA,85,NA,8,1,0,
773UN,2006,NA,5,NA,24,0,0,0,
777,2003,NA,20,NA,72,0,0,1,
777,2004,20,27,72,89,0,0,1,
777,2005,27,39,89,84,0,0,1,
777,2006,39,NA,84,NA,8,0,0,1 bud
790,2004,NA,35,NA,90,0,0,1,
790,2005,35,NA,90,NA,5,0,0,
801,2004,NA,15,NA,99,0,0,1,
801,2005,15,21,99,92,0,0,1,
801,2006,21,23,92,114,0,0,1,
801,2007,23,NA,114,NA,8,0,0,"2008: ""don't see any seedlings"""
803,2004,NA,37,NA,100,0,0,1,
803,2005,37,NA,100,NA,6,0,0,
814,2005,NA,13,NA,90,0,0,1,
814,2006,13,20,90,85,0,0,1,
814,2007,20,25,85,92,0,0,1,
814,2008,25,34,92,108,0,0,1,
814,2009,34,NA,108,NA,8,0,0,
859,2006,NA,16,NA,113,0,0,1,
859,2007,16,22,113,152,0,0,1,
859,2008,22,NA,152,NA,8,0,0,
883,2007,NA,34,NA,103,0,0,1,
883,2008,34,42,103,128,0,0,1,
883,2009,42,45,128,138,0,0,1,
883,2010,45,NA,138,NA,6,0,0,
890,2007,NA,22,83,NA,0,0,1,
890,2008,22,25,83,103,0,0,1,
890,2009,25,NA,103,NA,7,0,0,
910,2009,NA,11,NA,68,0,0,1,
910,2010,11,15,68,70,0,0,1,
910,2011,15,32,70,89,0,0,1,
910,2012,32,NA,89,NA,7,0,0,
921,2009,NA,NA,NA,NA,4,0,0,
923R,2009,NA,38,NA,117,0,0,1,
923R,2010,NA,NA,NA,NA,0,0,1,
923R,2011,NA,NA,NA,NA,0,0,1,
923R,2012,NA,NA,NA,NA,9,0,0,
960,2010,NA,7,NA,36,0,0,1,
960,2011,7,9,36,68,0,0,1,
960,2012,9,14,68,40,0,0,1,
960,2013,14,16,40,72,0,0,1,
960,2014,16,24,72,86,0,0,1,
960,2015,24,29,86,105,0,0,1,
960,2016,29,NA,105,NA,6,0,0,
962,2010,NA,23,NA,76,0,0,1,
962,2011,23,40,76,111,0,0,1,
962,2012,40,NA,111,NA,5,0,0,
991,2012,NA,NA,NA,NA,9,0,0,
986UR,2015,NA,31,NA,115,0,0,1,
986UR,2016,31,NA,115,NA,4,0,0,
1021U,2012,NA,14,NA,72,0,0,1,
1021U,2013,14,20,72,50,0,0,1,
1021U,2014,20,NA,50,NA,0,0,1,
1021U,2015,NA,14,NA,89,0,0,1,
1021U,2016,14,NA,89,NA,3,3,0,2017: no seedlings
1022,2012,NA,24,NA,95,0,0,1,
1022,2013,24,NA,95,NA,0,0,1,
1022,2014,NA,NA,NA,NA,0,0,1,
1022,2015,NA,NA,NA,NA,4,0,0,2016: no recruits
1025,2012,NA,13,NA,57,0,0,1,
1025,2013,13,12,57,46,0,0,1,
1025,2014,12,13,46,65,0,0,1,
1025,2015,13,17,65,80,0,0,1,
1025,2016,17,18,80,78,0,0,1,
1025,2017,18,22,78,85,0,0,1,
1025,2018,22,32,85,83,0,0,1,
1025,2019,32,29,83,92,0,0,1,
1025,2020,29,NA,92,NA,6,0,0,
1027,2012,NA,34,NA,87,0,0,1,
1027,2013,34,36,87,101,0,0,1,
1027,2014,36,NA,101,NA,16,0,0,2015: some seedlings
1030TIML,2012,NA,21,NA,66,0,0,1,
1030TIML,2013,21,22,66,76,0,0,1,
1030TIML,2014,22,34,76,115,0,0,1,
1030TIML,2015,34,NA,115,NA,11,0,0,2016: no recruits
1031,2012,NA,25,NA,75,0,0,1,
1031,2013,25,NA,75,NA,8,0,0,
1036,2013,NA,22,NA,62,0,0,1,
1036,2014,22,20,62,124,0,0,1,
1036,2015,20,26,124,111,0,0,1,
1036,2016,26,NA,111,NA,4,0,0,"2017: 1 seedling, tag 1082"
1038,2013,NA,30,NA,95,0,0,1,
1038,2014,30,NA,95,NA,0,0,1,
1038,2015,NA,NA,NA,NA,12,0,0,2016: no recruits
1041,2013,NA,23,NA,80,0,0,1,
1041,2014,23,26,80,99,1,0,1,1 flower on side of rosette
1041,2015,26,31,99,112,0,0,1,
1041,2016,31,NA,112,NA,6,0,0,2017: 2 seedligns
1042,2014,NA,28,NA,118,0,0,1,
1042,2015,28,NA,118,NA,6,0,0,2016: no recruits
1047,2014,NA,17,NA,94,0,0,1,
1047,2015,17,NA,94,NA,0,0,1,
1047,2016,NA,33,NA,117,0,0,1,
1047,2017,33,44,117,152,0,0,1,
1047,2018,44,NA,152,NA,9,0,0,
1041A,2020,NA,3,NA,31,0,0,0,"Under 1041. Comment: ""reused tag??"""
1049,2016,NA,42,NA,108,0,0,1,
1049,2017,42,NA,108,NA,12,0,0,
1050,2016,NA,13,NA,52,0,0,1,
1050,2017,13,22,52,74,0,0,1,
1050,2018,22,26,74,66,0,0,1,
1050,2019,26,29,66,91,0,0,1,
1050,2020,29,NA,91,NA,8,0,0,
1049A,2019,NA,46,NA,115,0,0,1,
1049A,2020,46,NA,115,NA,8,0,0,Under same tag as 1049. Says new plant
1051,2015,NA,16,NA,56,0,0,1,
1051,2016,15,24,56,70,0,0,1,
1051,2017,24,NA,70,NA,0,0,1,
1051,2018,NA,36,NA,80,0,0,1,
1051,2019,36,30,80,76,0,0,1,
1051,2020,30,NA,76,NA,8,0,0,
1052,2015,NA,18,NA,78,0,0,1,
1052,2016,18,24,78,83,0,0,1,
1052,2017,24,24,83,100,0,0,1,
1052,2018,24,NA,100,NA,6,0,0,
1075,2016,NA,23,NA,83,0,0,1,
1075,2017,23,32,83,91,0,0,1,
1075,2018,32,NA,91,NA,3,0,0,
1078,2016,NA,32,NA,90,0,0,1,
1078,2017,32,35,90,117,0,0,1,
1078,2018,35,43,117,92,0,0,1,
1078,2019,43,42,92,103,0,0,1,
1078,2020,42,NA,103,NA,8,0,0,
1080,2016,NA,17,NA,96,0,0,1,
1080,2017,17,22,96,129,0,0,1,
1080,2018,22,26,129,106,0,0,1,
1080,2019,26,NA,106,NA,6,0,0,
1081,2016,NA,26,NA,86,0,0,1,
1081,2017,26,38,86,95,0,0,1,
1081,2018,38,NA,95,NA,6,0,0,
1086,2017,NA,20,NA,60,0,0,1,"Note: ""maybe was a lost tag"""
1086,2018,20,25,60,65,0,0,1,
1086,2019,25,17,65,76,0,0,1,
1086,2020,17,NA,76,NA,6,0,0,
1090,2017,NA,17,NA,78,0,0,0,
1090A,2019,NA,29,NA,106,0,0,1,Same 1090 tag. New plant
1090A,2020,29,NA,106,NA,6,0,0,
1113,2022,NA,40,NA,81,0,0,1,
1113,2023,40,NA,81,NA,12,0,0,
1094,2018,NA,6,NA,30,0,0,1,
1094,2019,6,5,30,30,0,0,1,
1094,2020,5,9,30,47,0,0,1,
1094,2021,9,13,47,51,0,0,1,
1094,2022,13,18,51,61,0,0,1,
1094,2023,18,19,61,66,0,0,0,
983,2011,NA,9,NA,53,0,0,1,
983,2012,9,NA,53,NA,0,0,1,
983,2013,NA,12,NA,44,0,0,1,
983,2014,12,9,44,64,0,0,1,
983,2015,9,10,64,62,0,0,1,
983,2016,10,10,62,60,0,0,1,
983,2017,10,9,60,76,0,0,1,
983,2018,9,7,76,51,0,0,1,
983,2019,7,8,51,42,0,0,1,
983,2020,8,5,42,52,0,0,1,Now 1109
983,2021,5,NA,52,NA,0,0,1,
983,2022,NA,3,NA,52,0,0,1,
983,2023,3,4,62,77,0,0,0,
986M,2015,NA,15,NA,120,0,0,1,
986M,2016,15,14,120,115,0,0,1,
986M,2017,14,15,115,82,0,0,1,
986M,2018,15,18,82,82,0,0,1,
986M,2019,18,18,82,94,0,0,1,
986M,2020,18,23,94,92,0,0,1,
986M,2021,23,38,92,108,0,0,1,
986M,2022,38,45,108,108,0,0,1,
986M,2023,45,43,108,98,0,0,1,
986M,2024,43,40,98,127,0,0,1,
986M,2025,40,NA,127,NA,6,0,0,
1026,2012,NA,22,NA,52,0,0,1,
1026,2013,22,NA,52,NA,0,0,1,
1026,2014,NA,35,NA,105,0,0,1,
1026,2015,35,42,105,112,0,0,1,
1026,2016,42,NA,112,NA,10,0,0,
1026A,2020,NA,7,NA,57,0,0,1,
1026A,2021,7,7,57,69,0,0,0,
1026RA,2020,NA,7,NA,23,0,0,1,
1026RA,2021,7,10,23,54,0,0,1,
1026RA,2022,10,14,54,86,0,0,1,
1026RA,2023,14,19,86,89,0,0,0,
1027RA,2016,NA,6,NA,21,0,0,1,
1027RA,2017,6,5,21,35,0,0,1,
1027RA,2018,5,5,35,28,0,0,1,
1027RA,2019,5,5,28,31,0,0,1,
1027RA,2020,5,6,31,43,0,0,1,
1027RA,2021,6,7,42,57,0,0,1,
1027RA,2022,7,7,57,51,0,0,1,
1027RA,2023,7,7,51,47,0,0,1,
1027RA,2024,7,13,47,78,0,0,0,"Check this year's sheet, NF 7/26"
1027RB,2017,NA,8,NA,71,0,0,1,
1027RB,2018,8,6,71,56,0,0,1,
1027RB,2019,6,6,56,52,0,0,1,
1027RB,2020,6,8,52,66,0,0,1,
1027RB,2021,8,8,66,48,0,0,1,
1027DDR,2018,NA,3,NA,8,0,0,1,
1027DDR,2019,3,3,8,11,0,0,1,
1027DDR,2020,3,6,11,45,0,0,0,
1054UR,2015,NA,2,NA,8,0,0,1,
1054UR,2016,2,5,8,28,0,0,1,
1054UR,2017,5,6,28,45,0,0,1,
1054UR,2018,6,7,45,43,0,0,1,
1054UR,2019,7,6,43,46,0,0,1,
1054UR,2020,6,5,46,50,0,0,1,
1054UR,2021,5,7,50,55,0,0,0,
1054DDR,2018,NA,4,NA,17,0,0,1,
1054DDR,2019,4,5,17,46,0,0,1,
1054DDR,2020,5,6,46,43,0,0,1,
1054DDR,2021,6,5,43,52,0,0,0,
1055URA,2015,NA,2,NA,6,0,0,1,
1055URA,2016,2,6,6,18,0,0,1,
1055URA,2017,6,8,18,32,0,0,1,
1055URA,2018,8,9,32,30,0,0,1,
1055URA,2019,9,9,30,44,0,0,1,
1055URA,2020,9,11,44,53,0,0,1,
1055URA,2021,11,12,53,66,0,0,1,
1055URA,2022,12,19,66,72,0,0,1,
1055URA,2023,19,11,72,81,0,0,1,
1055URA,2024,11,19,81,81,0,0,0,"Check this year's sheet, NF 7/26"
1055ML,2015,NA,1,NA,4,0,0,1,
1055ML,2016,1,6,4,23,0,0,1,
1055ML,2017,6,6,23,55,0,0,1,
1055ML,2018,6,7,55,32,0,0,1,
1055ML,2019,7,6,32,52,0,0,1,
1055ML,2020,6,8,52,53,0,0,1,
1055ML,2021,8,12,53,101,0,0,1,
1055ML,2022,12,25,101,99,0,0,1,
1055ML,2023,25,15,99,113,0,0,1,
1055ML,2024,15,14,113,119,0,0,0,"Check this year's sheet, NF 7/26"
1055MM,2021,NA,9,NA,74,0,0,1,
1055MM,2022,9,11,74,85,0,0,0,
1055MR,2017,NA,8,NA,70,0,0,1,
1055MR,2018,8,11,70,45,0,0,1,
1055MR,2019,11,13,45,74,0,0,1,
1055MR,2020,13,21,74,76,0,0,1,
1055MR,2021,21,10,76,93,0,0,1,
1055MR,2022,10,24,93,98,0,0,1,
1055MR,2023,24,28,98,90,0,0,1,
1055MR,2024,28,NA,90,NA,7,0,0,
1055DL,2015,NA,2,NA,6,0,0,1,
1055DL,2016,2,6,6,29,0,0,1,
1055DL,2017,6,8,29,44,0,0,1,
1055DL,2018,8,8,44,58,0,0,1,
1055DL,2019,8,9,58,84,0,0,1,
1055DL,2020,9,13,84,85,0,0,1,
1055DL,2021,13,18,85,109,0,0,1,
1055DL,2022,18,13,109,75,0,0,1,
1055DL,2023,13,12,75,97,0,0,1,
1055DL,2024,12,NA,97,NA,6,0,0,
1055DDRA,2017,NA,5,NA,31,0,0,1,
1055DDRA,2018,5,5,31,32,0,0,1,
1055DDRA,2019,5,5,32,42,0,0,1,
1055DDRA,2020,5,6,42,56,0,0,1,
1055DDRA,2021,6,7,56,76,0,0,1,
1055DDRA,2022,7,8,76,57,0,0,1,
1055DDRA,2023,8,5,57,76,0,0,1,
1055DDRA,2024,5,6,76,88,0,0,0,"Check this year's sheet, NF 7/26"
1055DR,2017,NA,7,NA,31,0,0,1,
1055DR,2018,7,7,31,40,0,0,1,
1055DR,2019,7,8,40,63,0,0,1,
1055DR,2020,8,8,63,75,0,0,1,
1055DR,2021,8,8,75,93,0,0,0,
1055RA,2016,NA,7,NA,16,0,0,1,
1055RA,2017,7,5,16,22,0,0,1,
1055RA,2018,5,7,22,22,0,0,1,
1055RA,2019,7,6,22,34,0,0,1,
1055RA,2020,6,7,34,33,0,0,0,
1056,2015,NA,6,NA,49,0,0,1,
1056,2016,6,6,49,47,0,0,1,
1056,2017,6,14,47,67,0,0,1,
1056,2018,14,18,67,64,0,0,1,
1056,2019,18,22,64,66,0,0,1,
1056,2020,22,35,66,86,0,0,1,
1056,2021,35,46,86,89,0,0,1,
1056,2022,46,NA,89,NA,8,0,0,
1057,2015,NA,6,NA,33,0,0,1,
1057,2016,6,6,33,50,0,0,1,
1057,2017,6,9,50,58,0,0,1,
1057,2018,9,11,58,54,0,0,1,
1057,2019,11,12,54,70,0,0,1,
1057,2020,12,20,70,74,0,0,1,
1057,2021,20,33,74,89,0,0,1,
1057,2022,33,NA,89,NA,8,0,0,
1057DRA,2020,NA,6,NA,40,0,0,1,
1057DRA,2021,6,10,40,40,0,0,1,
1057DRA,2022,10,7,40,50,0,0,0,
1077,2016,NA,7,NA,56,0,0,1,
1077,2017,7,7,56,67,0,0,1,
1077,2018,7,17,67,69,0,0,1,
1077,2019,17,18,69,92,0,0,1,
1077,2020,18,30,92,92,0,0,1,
1077,2021,30,30,92,146,0,0,1,
1077,2022,30,NA,146,NA,8,0,0,
1082,2017,NA,4,NA,17,0,0,1,
1082,2018,4,5,17,22,0,0,1,
1082,2019,5,5,22,35,0,0,1,
1082,2020,5,7,35,39,0,0,1,
1082,2021,7,11,39,63,0,0,1,
1082,2022,11,16,63,62,0,0,1,
1082,2023,16,27,62,73,0,0,1,
1082,2024,27,33,73,95,0,0,1,
1082,2025,33,22,95,64,0,0,1,Gophered
1084A,2017,NA,3,NA,15,0,0,0,
1084B,2019,NA,6,NA,64,0,0,1,
1084B,2020,6,10,64,72,0,0,1,
1084B,2021,10,16,72,110,0,0,0,
1085TIMDR,2017,NA,5,NA,45,0,0,1,
1085TIMDR,2018,5,6,45,54,0,0,1,
1085TIMDR,2019,6,8,54,67,0,0,1,
1085TIMDR,2020,8,7,67,65,0,0,0,
1085TIMUL,2017,NA,6,NA,56,0,0,1,
1085TIMUL,2018,6,5,56,45,0,0,1,
1085TIMUL,2019,5,7,45,56,0,0,1,
1085TIMUL,2020,7,6,56,60,0,0,0,
1087,2017,NA,6,NA,28,0,0,1,
1087,2018,6,5,28,32,0,0,1,
1087,2019,5,8,32,53,0,0,1,
1087,2020,8,14,53,52,0,0,0,
1091,2018,NA,5,NA,21,0,0,1,
1091,2019,5,6,21,25,0,0,1,
1091,2020,6,7,25,39,0,0,1,
1091,2021,7,10,39,50,0,0,1,
1091,2022,10,12,50,55,0,0,0,
1092,2018,NA,22,NA,67,0,0,1,
1092,2019,22,20,67,65,0,0,1,
1092,2020,20,22,65,82,0,0,0,
1093DR,2022,NA,21,NA,94,0,0,1,
1093DR,2023,21,20,94,78,0,0,1,
1093DR,2024,20,28,78,133,0,0,0,"Check this year's sheet, NF 7/26"
1095,2020,NA,7,NA,42,0,0,1,
1095,2021,7,9,42,53,0,0,1,
1095,2022,9,8,53,58,0,0,1,
1095,2023,8,8,58,56,0,0,1,
1095,2024,8,10,56,81,0,0,1,
1095,2025,10,11,81,71,0,0,1,"Check this year's sheet, NF 7/26"
1097,2021,NA,4,NA,26,0,0,0,
1098,2021,NA,11,NA,56,0,0,1,
1098,2022,11,12,56,66,0,0,1,
1098,2023,12,23,66,77,0,0,1,
1098,2024,23,6,77,48,0,0,1,
1098,2025,6,9,48,49,0,0,1,"Check this year's sheet, Found"
1098,2026,9,13,49,50,0,0,NA,
1099,2021,NA,7,NA,35,0,0,1,
1099,2022,7,7,35,42,0,0,1,
1099,2023,7,7,42,40,0,0,1,
1099,2024,7,8,40,69,0,0,1,
1099,2025,8,8,69,56,0,0,1,"Check this year's sheet, Found"
1099,2026,8,15,56,46,0,0,NA,
1100,2021,NA,5,NA,19,0,0,0,
1101,2021,NA,7,NA,62,0,0,0,
1102,2021,NA,4,NA,55,0,0,0,
1103TR,2021,NA,8,NA,65,0,0,1,
1103TR,2022,8,19,65,60,0,0,1,
1103TR,2023,19,19,60,71,0,0,1,
1103TR,2024,19,26,71,117,0,0,1,"Check this year's sheet, Numbers for 2026 between 1103TR and 1104, not sure which plant is alive"
1104,2021,NA,8,NA,51,0,0,1,
1104,2022,8,12,51,49,0,0,1,
1104,2023,12,18,49,63,0,0,1,
1104,2024,18,21,63,83,0,0,0,"Check this year's sheet, see note on 1103TR"
1105,2021,NA,6,NA,42,0,0,1,
1105,2022,6,6,42,44,0,0,1,
1105,2023,6,7,44,52,0,0,1,
1105,2024,7,10,52,71,0,0,1,
1105,2025,10,NA,71,NA,8,0,0,
1106,2021,NA,7,NA,23,0,0,0,
1107,2022,NA,9,NA,70,0,0,1,
1107,2023,9,12,70,76,0,0,1,
1107,2024,12,23,76,91,0,0,1,Check this year's sheet
1107,2025,23,NA,91,NA,0,0,1,
1107,2026,NA,28,NA,92,0,0,NA,
1108,2022,NA,10,NA,47,0,0,0,
1110,2022,NA,7,NA,53,0,0,1,
1110,2023,7,7,53,43,0,0,1,
1110,2024,7,8,43,67,0,0,0,"Check this year's sheet, NF 7/26"
1112,2023,NA,10,NA,79,0,0,1,
1112,2024,10,14,79,81,0,0,0,"Check this year's sheet, NF 7/26"
1114,2024,NA,22,NA,107,0,0,0,Check this year's sheet
1115,2024,NA,28,NA,104,0,0,0,Check this year's sheet
1116,2025,NA,10,NA,45,0,0,0,
1117,2025,NA,5,NA,41,0,0,0,
1118,2025,NA,16,NA,72,0,0,1,
1118,2026,16,19,72,47,0,0,NA,
1119,2025,NA,12,NA,62,0,0,1,
1119,2026,12,17,62,76,0,0,NA,
1120,2025,NA,22,NA,91,0,0,1,
1120,2026,22,14,91,89,0,0,NA,
1121,2025,NA,5,NA,39,0,0,0,
1122,2025,NA,12,NA,43,0,0,1,
1122,2026,12,11,43,46,0,0,NA,
1123,2025,NA,4,NA,40,0,0,0,"4,5 same root for numleaves"
1124,2025,NA,7,NA,69,0,0,0,
1125,2025,NA,12,NA,48,0,0,1,
1125,2026,12,14,48,40,0,0,NA,
1126,2025,NA,5,NA,32,0,0,0,
1127,2025,NA,5,NA,34,9,0,0,"5,7 same root for numleaves"
1128,2025,NA,28,NA,120,0,0,1,
1128,2026,28,34,120,127,0,0,NA,
1129,2025,NA,9,NA,32,0,0,1,
1129,2026,9,11,32,71,0,0,NA,
1130,2025,NA,12,NA,74,0,0,1,
1130,2026,12,14,74,50,0,0,NA,
1131,2025,NA,8,NA,51,0,0,0,
1132,2025,NA,7,NA,55,0,0,1,
1132,2026,7,11,55,43,0,0,NA,
1133,2025,NA,7,NA,55,0,0,NA,No note/not found for 2026
1134,2025,NA,7,NA,44,0,0,1,
1134,2026,7,14,44,43,0,0,NA,
1135,2025,NA,7,NA,46,0,0,NA,No note/not found for 2026
1136,2025,NA,10,NA,54,0,0,NA,No note/not found for 2026
1137,2025,NA,8,NA,48,0,0,NA,No note/not found for 2026
1138,2025,NA,10,NA,63,0,0,NA,No note/not found for 2026
1139,2025,NA,4,NA,40,0,0,1,
1139,2026,4,6,40,38,0,0,NA,
1140,2025,NA,8,NA,46,0,0,NA,No note/not found for 2026
1141,2026,NA,12,NA,62,0,0,NA,
1142,2026,NA,12,NA,54,0,0,NA,
1143L,2026,NA,5,NA,29,0,0,NA,
1143R,2026,NA,7,NA,23,0,0,NA,
1144U,2026,NA,6,NA,55,0,0,NA,
1144D,2026,NA,11,NA,39,0,0,NA,
1145,2026,NA,16,NA,56,0,0,NA,
1146,2026,NA,5,NA,27,0,0,NA,
1147,2026,NA,6,NA,46,0,0,NA,
1148,2026,NA,9,NA,40,0,0,NA,
1149,2026,NA,16,NA,47,0,0,NA,
1150,2026,NA,6,NA,27,0,0,NA,
1151UR,2026,NA,9,NA,52,0,0,NA,
1151DL,2026,NA,12,NA,51,0,0,NA,
1152,2026,NA,9,NA,52,0,0,NA,
1153,2026,NA,9,NA,47,0,0,NA,
